097512417860,Mangas de Compresión,Manga de Compresion YXL Evoshield Infantil Rojo,25.00,1
841856128681,Sudaderas,Sudadera YS Arctic Cool Infantil  Azul Marino,15.00,2
841856128728,Sudaderas,Sudadera YM Arctic Cool Infantil Azul rey,15.00,1
628412071274,Sudaderas,Sudadera YS Easton Raglan Infantil Gris/Rojo,15.00,1
628412092309,Sudaderas,Sudadera YL Easton Raglan Infantil Gris/Rojo,15.00,1
628412102992,Sudaderas,Sudadera YL Easton Raglan Infantil Gris/Negro,15.00,1
628412126844,Sudaderas,Sudadera YS Easton Raglan Infantil Gris/Negro,15.00,2
628412126882,Sudaderas,Sudadera YL Easton Raglan Infantil Gris/Negro,15.00,4
628412126905,Sudaderas,Sudadera YXL Easton Raglan Infantil Gris/Negro,15.00,1
628412127087,Sudaderas,Sudadera YS Easton Raglan Infantil Gris/Azul oscuro,15.00,6
628412127100,Sudaderas,Sudadera YM Easton Raglan Infantil Gris/Azul oscuro,15.00,5
628412127148,Sudaderas,Sudadera YXL Easton Raglan Infantil Gris/Azul oscuro,15.00,6
628412127162,Sudaderas,Sudadera YS Easton Raglan Infantil Gris/Azul claro,15.00,1
628412127186,Sudaderas,Sudadera YM Easton Raglan Infantil Gris/Azul claro,15.00,4
035011918426,Mono,Mono YXL C74L96.5 Easton Youth Infantil Gris,20.00,2
798248635251,Mono,Mono YXL C84L101 New Balance BBP216 Infantil Gris/Azul Oscuro,20.00,7
798248635350,Mono,Mono YXL C84L101 New Balance BBP216 Infantil Gris/Azul Claro,20.00,1
752044693372,Mono,Mono YS C60L83 Champro Baseball Paint Infantil Blanco,25.00,14
752044693365,Mono,Mono YM C64L92 Champro Baseball Paint Infantil Blanco,25.00,4
752044693358,Mono,Mono YL C70L103 Champro Baseball Paint Infantil Blanco,25.00,2
194979026892,Shorts Compresores,Compresor YL Evoshield WTF0210BKYL Negro,20.00,4
083321738630,Guantes,Guante 11.75 Rawlings RCS Derecho Negro/Beige/Rojo,120.00,7
083321783913,Guantes,Guante 11.5 Rawlings Select Derecho Azul/Rojo/Gris,100.00,7
083321759437,Guantes,Guante 11.5 Rawlings Select Acuna Derecho Rojo/Azul,100.00,24
083321192678,Guantes,Mascota 33 Rawlings Preferred Derecho Marron,130.00,5
889961044403,Guantes,Mascota 33.5 Mizuno Franchise Zurdo Cafe/Beig,60.00,1
628412234341,Bates,Bate 32-23-2 3/4 Easton ELEVATE -9  USSSA Nuevo,1.00,5
889961159343,Bates,Bate 32-29-2 1/2 Mizuno Elite Bamboo MZE 271 Nuevo,120.00,1
889961159428,Bates,Bate 31-28-2 1/2 Mizuno Classic Bamboo MZB243 Nuevo,80.00,1
752044834355,Medias,Medias M Champro Professional Azul oscuro Adulto,10.00,5
752044834348,Medias,Medias L Champro Professional Azul oscuro Adulto,10.00,1
752044834362,Medias,Medias S Champro Professional Azul oscuro Adulto,10.00,13
752044834249,Medias,Medias S Champro Professional Negro Adulto,10.00,26
752044834454,Medias,Medias S Champro Professional Rojo Adulto,10.00,5
025725532322,Medias,Medias YM Franklin Train Azul Infantil 2-5,10.00,9
025725529988,Medias,Medias YM Franklin Train Negro Infantil 2-5,10.00,1
025725543533,Guantines,Guantines M Franklin SHOK-SORB X Blanco Adulto,30.00,3
025725436798,Guantines,Guantines S Franklin Digitek Negro/Rojo/Gris Adulto,30.00,4
025725436804,Guantines,Guantines M Franklin Digitek Negro/Rojo/Gris Adulto,30.00,8
025725434435,Guantines,Guantines L Franklin Digitek Negro/Rojo/Gris Adulto,30.00,14
025725466283,Guantines,Guantines S Franklin Digitek Blanco/Azul/Rojo Adulto,30.00,8
025725466900,Guantines,Guantines M Franklin Digitek Blanco/Azul/Rojo Adulto,30.00,2
025725466917,Guantines,Guantines L Franklin Digitek Blanco/Azul/Rojo Adulto,30.00,4
025725466924,Guantines,Guantines XL Franklin Digitek Blanco/Azul/Rojo Adulto,30.00,6
025725434442,Guantines,Guantines L Franklin Digitek Negro/Azul/Gris Adulto,30.00,6
025725436927,Guantines,Guantines YS Franklin Digitek Negro/Rojo/Gris Infantil,25.00,3
025725467044,Guantines,Guantines YS Franklin Digitek Rojo/Azul/Blanco Infantil,25.00,26
025725467907,Guantines,Guantines YM Franklin 2ND-SKINZ Negro Infantil,25.00,2
025725467891,Guantines,Guantines YXS Franklin 2ND-SKINZ Negro Infantil,25.00,3
025725507528,Guantines,Guantines YXS Franklin 2ND-SKINZ Blanco Infantil,25.00,2
887768850135,Batera,Batera Demarini Voodoo WTD9106NA Infantil Negro/Azul,60.00,1
887768850159,Batera,Batera Demarini Voodoo WTD9106RO Infantil Negro/Azul,60.00,2
628412221945,Batera,Batera Easton Game Ready Backpack Infantil Azul/Gris,75.00,3
628412106440,Batera,Batera Easton E50BP Rojo/Negro/Blanco,60.00,7
628412221907,Batera,Batera Easton Game Ready Backpack Negro/Gris,75.00,3
887768609559,Batera,Batera Lousville Slugger Genuine WTL9302NA Infantil Negro/Gris,35.00,30
083321169700,Batera,Batera Rawlings Covert-R Adulto Azul Claro,75.00,1
813570016049,Batting Tee,Batting Tee Atletic Travel 63.5-99.1cm,50.00,8
083321226557,Protector,Mascara Pichert Rawlings Rface1,45.00,30
654838800011,Cargadores,Cargador 033 Toshiba 19V 3.42Amp PA3467U-1ACA,15.00,43
654838800013,Cargadores,Cargador 030 Toshiba 19V 4.74Amp PA3201U-1ACA SEB100P2-15.0,15.00,11
654838800014,Cargadores,Cargador 029 Toshiba 19V 3.95Amp F4600A F1814A,15.00,6
654838800221,Cargadores,"Cargador 035 HP 190258 19v 1.58 Amp Mini 110, 210, 700, Cq10",15.00,5
654838800012,Cargadores,"Cargador 015 HP 18,5V 4.9Amp PPP012L PA-1900-05C1",15.00,3
654838800222,Cargadores,Cargador 020 IBM 20V-3.25Amp IB-65W,15.00,4
029343050763,Casco,Casco 6 7/8-7 7/8 All Star Coach SC500 Negro,50.00,3
29343050794,Casco,Casco 6 7/8-7 7/8 All Star Coach SC500  Azul Oscuro,50.00,2
029343050817,Casco,Casco 6 7/8-7 7/8 All Star Coach SC500 Azul Claro,50.00,3
083321545740,Otros,Protector Casco Rawlings Extension MEXTL-R7 Para Mach Bateador Izquierdo Azul,25.00,7
000001450840,Gorra,Gorra MLB New York 350 Home/Road Caps Adulto Azul,15.00,5
025725436941,Guantines,Guantines YS Franklin Digitek Negro/Azul/Gris Infantil,25.00,1
078914675003,Grip,Grip Hot Glove SPT-BK Negro,10.00,2
025725339037,Lentes,Lentes Franklin Flip-Up Adulto Azul/Negro,30.00,1
000001505719,Lentes,Lentes Rawlings YTH RY1803 Sunglasses Infantil Azul/Negro,20.00,2
000001522458,Lentes,Lentes Rawlings YTH RY103 Sunglasses Infantil Negro/Rojo,20.00,3
887791017031,Muñequera,Munequera Nike DRI-FIT HOME Azul/Blanco,20.00,1
887791333285,Muñequera,Munequera Nike SWOOSH Azul/Blanco/Rojo,20.00,1
887768728779,Protector,Protector Pulgar Evoshield Game S Edad 9-12 Negro,50.00,7
887768728762,Protector,Protector Pulgar Evoshield Game L Edad 13+ Negro,50.00,9
887768849016,Protector,Deslizador Evoshield Sliding Negro Mano IzquierdaDeslizador,70.00,3
097512417907,Mangas de Compresión,Manga de Compresion YXS Evoshield Infantil Negro,25.00,3
815898023013,Pelotas,Pelota 2.85p de Arena Gosport Basb-Balls-16oz (6 Pelotas),50.00,8
654838800107,Pelotas,Pelota 8.5in Kenko Tipo C  (12 Pelotas),100.00,13
06548388001007,Pelotas,Pelota 8.5in Kenko Tipo C (1 Pelota),10.00,7
849102027627,Pelotas,Pelota SKLZ Mini Impact Impacto (12 Pelotas),25.00,6
887768120511,Pintura,Pintura Ojos Wilson Barra  Negro,10.00,4
680330246806,Protector,Protector Palma Glovamete Stop the Sting Mano Izquierda,20.00,1
752044225894,Correas,Correa Champro Brute Belt Adulto Morado,8.00,1
025725315253,Correas,Correa Franklin Infantil Azul oscuro,8.00,3
654838800109,Bates,Bate de Entrenamiento 30/22 Champro Pro Contact Naranja,40.00,1
752044906595,Bates,Bate de Entrenamiento 32 Champro A051 Mazo,50.00,2
000001427264,Lentes,Lentes Rawlings 3 Sungl Asses Adulto Negro,25.00,11
654838800121,Contador de Lanzamientos,Contador de Lanzamiento Ktrio Tally Counter,10.00,7
831345009591,Otros,Estacion de entrenamiento Hit a Way,50.00,2
752044834423,Medias,Medias S Champro Professional Azul claro Adulto 2,10.00,16
000000942717,Gorra,Gorra MLB Boston 400 Home/Road Caps Adulto red Azul,20.00,1
887768916909,Protector,Deslizador Evoshield Sliding Azul Mano Izquierda,70.00,4
194979026878,Shorts Compresores,Compresor YS Evoshield WTF0210BKYS Negro,20.00,4
194979026885,Shorts Compresores,Compresor YM Evoshield WTF0210BKYM Negro,20.00,1
083321532832,Shorts Compresores,Compresor S Rawlings Negro,20.00,1
628412221921,Batera,Batera Easton Game Ready Infantil Backpack Rojo/Gris,75.00,3
752044956750,Casco,Casco 6 1/2-7 Champro HX M Game Azul,75.00,2
752044956743,Casco,Casco 6 1/2-7 Champro HX M Game Azul Oscuro,75.00,2
016562015673U,Pelotas,Pelota 9in Markwort Kenko PMB9Y (1 Pelotas),6.00,8
746007226592,Otros,Resina de Pino Tiger Stick,25.00,2
752044268372,Catchers,Soporte de Rodilla para Catchers Champro Infantil Negro,40.00,1
X002UQTVH1,Guantes,Mini Guante Entrenamiento Web Glove Maxbp,15.00,4
025725436835,Guantines,Guantines M Franklin Digitek Negro/Azul/Gris Adulto,30.00,5
025725534920,Guantines,Guantines S Franklin Shok-Sorb X Negro/Dorado Adulto,30.00,5
043442728118,Protector,Suspensorio M Rawlings Azul/Blanco Adulto,30.00,3
190107250931,Medias,Medias L Stance MLB Diamond Morado Adulto,30.00,5
190107121132,Medias,Medias L Stance MLB Diamond Azul Brillante Adulto,30.00,9
190107057585,Medias,Medias L Stance MLB Diamond Azul Real Adulto,30.00,7
745492989586,Bates,Bate de Entrenamiento 22 Rawlings de una sola mano,70.00,5
654838800181,Bates,Bate 31-22.5-2 5/8 Easton Reflex Usado,90.00,1
628412365588,Bates,Bate 31-21-2 5/8 Easton Quantum USSSA -10 Nuevo,150.00,2
654838800191,Otros,Cordones de cuero para reparacion de guantes Beige,15.00,4
817716014920,Vitaminas y Suplementos,Tri-Amino Best Naturals 3548mg 120Tabletas,15.00,27
889961513206,Guantes,Guante 11.75 Mizuno Prime Derecho Beige/Marron,150.00,4
085925105146,Bates,Bate 33-30-2 5/8 Easton Synergy -3 BRES Nuevo,230.00,1
025725436958,Guantines,Guantines YM Franklin Digitek Negro/Azul/Gris Infantil,25.00,3
025725467914,Guantines,Guantines YL Franklin 2ND-SKINZ Negro Infantil,25.00,3
083321759277,Guantes,Guante 11.75 Rawlings Sandlot Derecho Vinotinto,130.00,3
889961513183,Guantes,Guante 11.5 Mizuno Prime Derecho Beige/Marron,150.00,4
083321416200,Bates,Bate 34-31-2 5/8 Rawlings 5150 -3 BBCOR Nuevo,140.00,1
887768636418,Bates,Bate 31-21-2 5/8 Louisville Omaha -10 USA Nuevo,180.00,18
628412321584,Bates,Bate 34-27-2 1/4 Easton Ronin Softball -7 USSSA Nuevo,240.00,5
654838801507,Pelotas,Pelota 12in Champro CSB-59Y Kenko Sofbol (1 Pelotas),8.00,17
X001QMZPC5,Bates,Insidet Bat Beisbol Sotfbol Entrenamiento,80.00,7
628412106389,Batera,Batera Easton E50BP  Negro/Blanco,60.00,5
083321376313,Guantes,Guante 11.5 Rawlings Kris Bryant Select Pro Lite  Derecho Beige/Marron,100.00,9
000001449782,Lentes,Lentes Rawlings 2001 Tornasol Blanco Adulto,30.00,5
083321148125,Guantes,Guante 11.5 Rawlings Gamer Derecho Negro-Being,160.00,7
752044956736,Casco,Casco 6 1/2-7 Champro HX M Negro,75.00,1
083321736520,Guantines,Guantines S Rawlings Prodigy Azul/Blanco Adulto,30.00,1
752044995247,Grip,Grip Champro A031USA Rojo/Azul/Estrella Blanca,15.00,4
752044220110,Pelotas,Pelota 12in Champro CSB59 Kenko Sofbol (6 Pelotas),50.00,9
025725467051,Guantines,Guantines YM Franklin Digitek Blanco/Azul/Rojo Infantil,25.00,3
889961486487,Batera,Batera Mizuno Future Backpack Infantil Azul Oscuro/Negro,60.00,2
000001450913,Gorra,Gorra MLB New York 350 Home/Road Caps Infantil Azul,15.00,6
752044864130,Correas,Correa S 79c de Cuero Champro Azul Oscuro,20.00,1
752044863867,Correas,Correa L 110c de Cuero Champro Negro,20.00,1
752044864314,Correas,Correa S 90c de Cuero Champro Azul,20.00,1
083321525162,Guantes,Mascota 32.5 Rawlings Sure Renegade Negra,100.00,5
083321525186,Guantes,Mascota 31.5 Rawlings Sure Renegade Negra,100.00,5
190107057431,Medias,Medias L Stance MLB Diamond Negra Adulto,30.00,5
752044673800,Pelotas,Pelota 9p Pesada Champro Weighted Balls 10-11-12 oz (3 Pelotas),45.00,3
752044693020,Pelotas,Pelota 12in Champro CSB-59Y Kenko Sofbol (12 Pelotas),90.00,2
097512417228,Sudaderas,Sudadera YL Evoshield Infantil Gris con Negro,20.00,3
097512417235,Sudaderas,Sudadera YM Evoshield Infantil Gris con Negro,20.00,3
097512417242,Sudaderas,Sudadera YS Evoshield Infantil Gris con Negro,20.00,3
885002080379,Short,Short YS Easton Spirit Gris,20.00,1
752044706409,Short,Short L Champro Azul Adulto,20.00,1
752044706126,Short,Short L Champro Negro Adulto,20.00,1
E2C/O,Cono,MIna de Entrenamiento Epic Sports 2.25Pul 10 unidades,10.00,36
01841,Paracaidas,Paracaidas de Velocidad Epic Sport Naranja 39pul,30.00,2
889961135620,Bates,Bate 31-28-2 1/4 Mizuno Elite Bamboo MZE 243 Nuevo,120.00,4
628412267257,Bates,Bate 31-21-2 3/4 Easton Maxum 360 USSSA -10 Nuevo,260.00,2
798248635923,Mono,Mono YL C80L62 New Balance Cortos Infantil Gris/Azul,20.00,6
083321627026,Guantes,Guante 12 Rawlings Aaron Judge Negro Derecho,110.00,1
029343005718,Guantes,Mascota 33.5 All-Star Pro Series Derecho Marron-Negro,150.00,14
025725534944,Guantines,Guantines L Franklin Shok-Sorb X Negro/Dorado Adulto,30.00,4
194818534694,Tacos de Beisbol,Tacos 31-13K Adidas Icon 7 Azul,45.00,1
710890315152,Correas,Correa Athletic Ajustable Blanco Adulto,10.00,2
025725436897,Guantines,Guantines YL Franklin Digitek  Negro/Rojo/Gri Infantil,25.00,1
885002364011,Batera,Batera Easton E100G para Equipo,60.00,1
000001450900,Gorra,Gorra MLB Los Angeles 350 Home Caps Infantil Azul,15.00,2
000001450928,Gorra,Gorra MLB Tigres 350 Home Caps Infantil Azul,15.00,1
029343050824,Casco,Casco 6 7/8-7 7/8 All Star Coach SC500 SC Rojo,50.00,2
752044956880,Casco,Casco 7-7 1/2 Champro HX L Azul oscuro con ralla Blanca,80.00,3
889961513190,Guantes,Guante 11.75 Mizuno Prime Zurdo Being/Marron,150.00,6
883813915590,Mono,Mono YS C56L80 Wilson Infantil Gris/Azul Oscuro,20.00,4
883813915637,Mono,Mono YS C56L80 Wilson Infantil Gris/Azul Claro,20.00,10
883813915644,Mono,Mono YM C64L85 Wilson Infantil Gris/Azul Claro,20.00,8
883813915712,Mono,Mono YS C56L80 Wilson Infantil Blanco/Negro,20.00,10
883813915873,Mono,Mono YS C56L80 Wilson Infantil Blanco/Rojo,20.00,5
883813915774,Mono,Mono YL C78L87 Wilson Infantil Blanco/Verde,20.00,1
883813915767,Mono,Mono YM C64L85 Wilson Infantil Blanco/Verde,20.00,3
883813915750,Mono,Mono YS C56L80 Wilson Infantil Blanco/Verde,20.00,2
883813915835,Mono,Mono YS C56L80 Wilson Infantil Blanco/Azul Claro,20.00,5
883813915842,Mono,Mono YM C64L85 Wilson Infantil Blanco/Azul Claro,20.00,1
883813915859,Mono,Mono YL C78L87 Wilson Infantil Blanco/Azul Claro,20.00,4
847631051472,Protector,Sudadera YS con Protector de Pecho G-Form,30.00,6
847631051489,Protector,Sudadera YM con Protector de Pecho G-Form,30.00,2
847631051496,Protector,Sudadera YL con Protector de Pecho G-Form,30.00,1
847631051502,Protector,Sudadera YXL con Protector de Pecho G-Form,30.00,4
640779435254,Protector,Suspensorio YS Bike Performance Interior Cotton Rojo 50-60cm,10.00,21
023255338919,Protector,Suspensorio YXS Bike Performance Cotton Verde 45-50cm,10.00,5
889961409479,Guantes,Guante 12 Mizuno Franchise Being/Marron Zurdo,130.00,1
752044833969,Medias,Medias YXS Champro Negro Infantil,8.00,7
752044833952,Medias,Medias YS Champro Negro Infantil,8.00,9
752044832795,Medias,Medias YXS Champro Azul claro Infantil,8.00,5
752044832832,Medias,Medias YXS Champro Rojo Infantil,8.00,3
752044835321,Medias,Medias YXS Champro Azul Oscuro Infantil,8.00,12
752044835314,Medias,Medias YS Champro Azul Oscuro Infantil,8.00,11
752044832788,Medias,Medias YS Champro Azul Claro Infantil,8.00,4
752044833945,Medias,Medias YM Champro Negro Infantil,8.00,5
886918180184,Mono,Mono YXL C85L98 Alleson AtheticInfantil Gris/Rojo,20.00,5
886918180177,Mono,Mono YL C78L91 Alleson Athetic Infantil Gris/Rojo,20.00,3
886918179737,Mono,Mono S C75L110 Alleson Athetic Adulto Gris/Rojo,20.00,3
886918180092,Mono,Mono YL C78L91 Alleson Athetic Infantil Gris/Azul Oscuro,20.00,4
886918180054,Mono,Mono YL C78L91 Alleson Athetic Infantil Gris/Negro,20.00,2
886918180030,Mono,Mono YS C62L81 Alleson Athetic Infantil Gris/Negro,20.00,1
886918180122,Mono,Mono YM C72L85 Alleson Athetic Infantil Gris/Azul Claro,20.00,2
886918180160,Mono,Mono YM C72L85 Alleson Athetic Infantil Gris/Rojo,20.00,1
886918180085,Mono,Mono YM C72L85 Alleson Athetic Infantil Gris/Azul Oscuro,20.00,2
886918180290,Mono,Mono YL C78L91 Alleson Athetic Infantil Blanco/Azul Claro,20.00,5
190107224680,Medias,Medias L Stance MLB Diamond Vinotinto Adulto,30.00,22
087538777154,Ñameador,Ñameador Adulto Prohitter Rojo,15.00,2
087538777161,Ñameador,Ñameador Adulto Prohitter Negro,15.00,3
087538777147,Ñameador,Ñameador Adulto Prohitter Azul,15.00,2
083321755958,Bates,Bate 26-14-2 1/4 Rawlings Raptor Azul -12 USA Nuevo,80.00,4
083321619342,Sudaderas,Sudadera Yl Rawlings Infantil Manga Larga Rojo,20.00,1
887768860509,Gorra,Sombrero Evoshield Bucket Gris,30.00,1
628412281147,Casco,Casco 7 1/8-7 3/4 Easton Alpha Helmet Infantil Rojo,90.00,2
083321525223,Guantes,Mascotin 11.5 Rawlings Sure Renegade Negro Derecho,100.00,4
194979027011,Sudaderas,Sudadera YL Compresor Evoshield Manga Corta Infantil Azul,20.00,1
194979027042,Sudaderas,Sudadera YL Compresor Evoshield Manga Corta Infantil Rojo,20.00,1
889961409783,Guantes,Guante 11 Mizuno Prospect Derecho Negro/Beige/Marron,70.00,2
654838801007,Tacos de Beisbol,Tacos 37.5-5Y Nike Trout 8 Keystone GS Negros,100.00,2
654838801012,Tacos de Beisbol,Tacos 35-3Y Nike Trout 8 Keystone GS Negros,100.00,2
083321825347,Guantes,Guante 11.5 Rawlings Select Derecho Being/Rojo,95.00,9
654838801073,Tacos de Beisbol,Tacos 35.5-3.5Y Nike Alpha Huarache 4 Diamond Negro/Gris,60.00,2
654838801076,Tacos de Beisbol,Tacos 38-5.5Y Nike Alpha Huarache 4 Diamond Negro/Gris,60.00,5
654838801080,Tacos de Beisbol,Tacos 38-5.5Y Nike Trout 8 Keystone GS Azul,100.00,1
889961135637,Bates,Bate 32-29-2 1/2 Mizuno Elite Bamboo MZE 243 -3 Nuevo,120.00,1
654838801097,Rolling Shoes,Rolling Shoes 42.5-9 Nike Alpha Huarache Elite 4  turf Rojo/Blanco,130.00,1
654838801099,Rolling Shoes,Rolling Shoes 40-7 Nike Alpha Huarache Elite 4 Turf Rojo/Blanco,130.00,1
889961058479,Protector,Protector de Mano Mizuno para Bateador Negro,40.00,12
654838801457,Tacos de Beisbol,Tacos 38-5.5Y Under Armour Leadoff Gris,60.00,5
654838801116,Rolling Shoes,Rolling Shoes 42.5-9 Nike Alpha Huarache Elite 4 Turf Azul,130.00,3
850032066082,Protector,Deslizador Guardian Adulto Negro AmbidiestroDeslizador,45.00,2
083321525193,Guantes,Mascotin 12.5 Rawlings Renegade Zurdo Negro,100.00,1
752044956071,Otros,Protector de Zapato Champro,25.00,3
628412145715,Grip,Grip Easton Bate Madera Verde,10.00,2
752044212375,Catchers,Soporte de Rodilla para Catchers Champro Infantil Rojo,40.00,2
840058747393,Bates,Bate 33-30-2 5/8 Marucci F5 -3 BBCORD Nuevo,250.00,1
886918812122,Mono,Mono YM C68.5L82.5 Alleson Athetic Infantil Blanco,20.00,5
886918811859,Mono,Mono S C70L104.5 Alleson Athetic Adulto Gris,20.00,5
628412106426,Batera,Batera Easton E50BP Azul Claro/Negro,60.00,1
752044034601,Casco,Casco 7-7 1/2 Champro HX L Azul Oscuro-Raja Blanca/Roja,80.00,3
7592003925969,Pelotas,Pelota 12in Tamanaco SB-120I Softball Blanca (1 pelota),7.00,29
752044704634,Protector,Mascara para Softball Champro Grill CM01 Negra Adulto,50.00,1
628412366189,Bates,Bate 34-31-2 5/8 Easton Alx -3 BBCOR Negro/Rojo Nuevo,372.00,3
628412222140,Batera,Batera Easton Game Ready Rojo/Gris,75.00,1
628412364680,Bates,Bate 32-29-2 5/8 Easton ALX -3 BBCOR Nuevo,260.00,50
887791376565,Correas,Correa Nike Ajustable Naranja Adulto,25.00,8
097512621816,Guantes,Guante 11.5 Wilson A800 Marron Derecho,120.00,5
083321759413,Guantes,Mascota 33 Rawling Sandlot Vinotinto Derecho,140.00,15
654838801506,Pelotas,Pelota 9in 5oz Goat 1010 (12 Pelota),63.00,37
654838801505,Pelotas,Pelota 9in 5oz Goat 1010  (1 Pelota),6.00,24
654838801509,Pelotas,Pelota de Arena Powernet 16-18-20 onzas (3 Pelotas),40.00,3
654838801169,Rolling Shoes,Rolling Shoes 40.5-7.5 Nike Alpha Huarache Elite 4 Turf Gris,130.00,1
654838801172,Rolling Shoes,Rolling Shoes 40.5-7.5 Nike Alpha Huarache Elite 4  turf Rojo/Blanco,130.00,2
097512621830,Guantes,Guante 12 Wilson A800 Negro Zurdo,120.00,7
097512621823,Guantes,Guante 12 Wilson A800 Negro Derecho,120.00,7
097512621847,Guantes,Guante 12.5 Wilson A800 Exclusive Edition KP92 Negro/Being Derecho,120.00,5
097512642590,Guantes,Guante 10.5 Wilson A500 Negro Derecho,90.00,10
097512642606,Guantes,Guante 11 Wilson A500 Rojo/Being Derecho,100.00,16
654838801184,Tacos de Beisbol,Tacos 38-5.5Y Under Armour Harper 7 MID RM USA Azul,90.00,3
654838801186,Tacos de Beisbol,Tacos 37-4.5  New Balance J4040TB6 Azul Claro,60.00,1
745492993347,Medias,Combo YS Rawling Medias-Correa Azul Oscuro Infantil,30.00,3
745492993385,Medias,Combo YM Rawling Medias-Correa Azul Oscuro Infantil,30.00,2
745492993422,Medias,Combo YL Rawling Medias-Correa Azul Oscuro Infantil,30.00,1
654838801198,Catchers,Set de Catcher 12-15 Rawlings Renegade  Azul,360.00,1
845840058077,Muñequera,Munequera Nike DRI-FIT HOME Blanco,20.00,1
745492993316,Medias,Combo YS Rawling Medias-Correa Negro Infantil,30.00,2
745492993392,Medias,Combo YL Rawling Medias-Correa Negro Infantil,30.00,2
745492993354,Medias,Combo YM Rawling Medias-Correa Negro Infantil,30.00,1
083321792519,Casco,Casco 6 7/8-7 5/8 Rawlings Renegade Blanco,80.00,6
752044927279,Protector,Suspensorio M Champro Wind-Up 32-34in Adulto,30.00,2
752044927262,Protector,Suspensorio S Champro Wind-Up 28-30in Adulto,30.00,7
752044927248,Protector,Suspensorio YM Champro Wind-Up 25-27in Infantil,30.00,15
752044927255,Protector,Suspensorio Yl Champro Wind-Up 27-29in Infantil,30.00,15
752044927231,Protector,Suspensorio YS Champro Wind-Up 23-25in Infantil,30.00,14
654838801242,Tacos de Beisbol,Tacos 45.5-11.5 New Balance FuelCell 4040v6 Azul/Blanco,120.00,1
083321824517,Guantes,Guante 11.5 Rawlings Select Bo Bichette Negro-Azul Derecho,95.00,4
654838801256,Tacos de Beisbol,Tacos 37.5-5 Nike Alpha Huarache 4 Diamond Gris,60.00,2
654838801270,Tacos de Beisbol,Tacos 35.5-3.5 Nike Alpha Huarache 4 Diamond Blanco,60.00,1
016562015208,Pelotas,Pelota 85 Markwort  LT85 Blanca 1 Pelota,9.00,45
847631049899,Protector,Short de Compresion con Protector L  G-Form Baseball Adulto y joven Negro,30.00,24
847631049905,Protector,Short de Compresion con Protector XL  G-Form Baseball Adulto y joven Negro,30.00,11
654838801272,Ganchos de Beisbol,Gancho 41-8 Nike Alpha Huarache Elite 4 MID Botin Negro,140.00,1
654838801303,Tacos de Beisbol,Tacos 28-11c Nike Alpha Huarache 4 Diamond Negro/Gris,60.00,1
083321733154,Sudaderas,Sudadera YM Rawlings Gris-Azul Infantil Oscuro,10.00,22
083321733239,Sudaderas,Sudadera YM Rawlings Infantil Gris-Rojo,10.00,16
083321733178,Sudaderas,Sudadera YXL Rawlings Infantil Gris-Azul Oscuro,10.00,23
083321733215,Sudaderas,Sudadera YXL Rawlings Infantil Gris-Azul Claro,10.00,5
083321733208,Sudaderas,Sudadera YL Rawlings Infantil Gris-Azul Claro,10.00,13
083321733161,Sudaderas,Sudadera YL Rawlings Infantil Gris-Azul Oscuro,10.00,30
083321733246,Sudaderas,Sudadera YL Rawlings Infantil Gris-Rojo,10.00,2
083321733222,Sudaderas,Sudadera YS Rawlings Infantil Gris-Rojo,10.00,18
083321733147,Sudaderas,Sudadera YS Rawlings Infantil Gris-Azul Oscuro,10.00,38
083321733185,Sudaderas,Sudadera YS Rawlings Infantil Gris-Azul Claro,10.00,34
847631050536,Protector,Sudadera L con Protector de Pecho G-Form Adulto,30.00,4
847631050543,Protector,Sudadera XL con Protector de Pecho G-Form Adulto,30.00,2
887791376626,Correas,Correa Nike Ajustable Belt Negra Adulto,25.00,4
887791375346,Correas,Correa Nike Ajustable Belt Azul claro Adulto,25.00,19
887791375193,Correas,Correa Nike Ajustable Belt Rojo Infantil,25.00,8
887791376015,Correas,Correa Nike Ajustable Belt Gris Adulto,25.00,16
887791376978,Correas,Correa Nike Ajustable Belt Blanco Infantil,25.00,4
887791375506,Correas,Correa Nike Ajustable Belt Morado Adulto,25.00,22
887791377043,Correas,Correa Nike Ajustable Belt Azul Oscuro Infantil,25.00,6
083321716485,Guantes,Guante 11.5 Rawlings R9 Negro Derecho,190.00,1
X002HGNMGZ,Otros,Cronometro Digital Impermeable Temporizador,10.00,8
887791375872,Correas,Correa Nike Ajustable Belt Azul claro Infantil,25.00,5
887791376855,Correas,Correa Nike Ajustable Belt Negro Infantil,25.00,12
887791376442,Correas,Correa Nike Ajustable Belt Blanco Adulto,25.00,9
887791375674,Correas,Correa Nike Ajustable Belt Rojo Adulto,25.00,21
887791376688,Correas,Correa Nike Ajustable Belt Azul Oscuro Adulto,25.00,3
654838801333,Tacos de Beisbol,Tacos 36-4Y Nike Hyperdiamond 4 Keystone GG Gris,60.00,1
628412364642,Bates,Bate 30-27-2 5/8 Easton ALX -3 BBCOR Nuevo,260.00,6
887791375209,Correas,Correa Nike Ajustable Belt Verde Adulto,25.00,3
886918180849,Mono,Mono YM C72L85 Alleson Athetic Blanco Infantil,20.00,1
886918180832,Mono,Mono YS C56L78 Alleson Athetic Blanco Infantil,20.00,4
889961408328,Mono,Mono YS C67L88 Mizuno Blanco Infantil,25.00,6
097512509510,Medias,Medias XL Evoshiesld PRO-SRZ Azul Claro/Blanco/Gris Adulto,20.00,1
097512509596,Medias,Medias S Evoshiesld PRO-SRZ Negro/Blanco/Gris Adulto,20.00,1
097512509428,Medias,Medias L Evoshiesld PRO-SRZ Vinotinto/Blanco/Gris Adulto,20.00,6
097512509565,Medias,Medias M Evoshiesld PRO-SRZ Vinotinto/Blanco/Gris Adulto,20.00,3
097512509459,Medias,Medias XL Evoshiesld PRO-SRZ Vinotinto/Blanco/Gris Adulto,20.00,1
097512509480,Medias,Medias S Evoshiesld PRO-SRZ Vinotinto/Blanco/Gris Adulto,20.00,5
752044869364,Guantes,Cachapa de Entrenamiento Champro Turn 2 Fielding Trainer,20.00,7
654838801339,Tacos de Beisbol,Tacos 38.5-6 Nike Alpha Huarache 4 Diamond Blanco,60.00,1
097512621854,Guantes,Guante 12.5 Wilson A800 Negro-Being Zurdo,120.00,2
722929924204,Protector,Protector de Dedos Palmgard Reversible Adultos,20.00,2
X001R2MUW7,Bandas de Resistencia,Fortalecedor de Manos Pnrskter,30.00,1
00747301763202,Protector,Deslizador Evoshield Sliding Azul USA Mano Izquierda infantil,70.00,1
745492989838,Guantes,Cachapa de Entrenamiento Rawlings Great Hands Fielding Negro,70.00,2
745492100042,Arbitro,Set Umpire Rawlings  para Beisbol UBBD conjunto de tres piezas estilo profesional,15.00,6
628412402702,Bates,Bate 31-28-2 5/8 Easton Beast X -3 BBCOR (BB23BSTB) Verde Nuevo,119.00,5
745492992821,Medias,Medias YS Rawlings Rojo Infantil (1 Par),10.00,2
745492992876,Medias,Medias YS Rawlings Vinotinto Infantil (1 Par),10.00,6
745492993170,Medias,Medias YL Rawlings Vinotinto Infantil (1 Par),10.00,3
745492992814,Medias,Medias YS Rawlings Negro Infantil (1 Par),10.00,1
745492992937,Medias,Medias YS Rawlings Verde Infantil (1 Par),10.00,1
745492992982,Medias,Medias YM Rawlings Azul Oscuro Infantil (1 Par),10.00,1
745492992838,Medias,Medias YS Rawlings Azul Oscuro Infantil (1 Par),10.00,3
000001602396,Lentes,Lentes Rawlings RL-SMU-23-307 Adulto,35.00,1
757612324030,Medias,Medias L TCK Amarillo Adulto,15.00,3
757612324375,Medias,Medias S TCK Amarillo Infantil,15.00,1
628412363362,Bates,Bate 32-29-2 5/8 Easton Speed -3 BBCOR Nuevo,130.00,4
628412363348,Bates,Bate 31-28-2 5/8 Easton Speed BBCOR -3 Nuevo,130.00,5
025725489657,Guantines,Guantines XL Franklin CFX PRO Azul Adulto,45.00,5
025725459384,Guantines,Guantines M Franklin CFX PRO Rojo Adulto,45.00,2
025725459407,Guantines,Guantines XL Franklin CFX PRO Rojo Adulto,45.00,3
628412402733,Bates,Bate 31-28-2 5/8 Easton Beast X -3 BBCOR (BB23BSTS) Negro Nuevo,119.00,4
840058747362,Bates,Bate 30-27-2 5/8 Marucci F5 -3 BBCOR Nuevo,250.00,1
029343048517,Guantes,Mascota 33.5 All-Star Negro-Being Derecho,150.00,2
887791738103,Guantines,Guantines S Nike Alpha Blanco Unisex Adultos,35.00,5
097512439367,Guantes,Guante 10.75 Wilson A450 Gris/Azul Derecho,80.00,4
000001398610,Lentes,Estuche para Lentes Rawlings Negro,10.00,13
654838801375,Tacos de Beisbol,Tacos 27-10c Nike Alpha Huarache 4 Diamond Negro/Gris,60.00,1
654838801378,Tacos de Beisbol,Tacos 28-11c Nike Alpha Huarache 4 Diamond Blanco,60.00,1
752044224545,Batera,Batera Champro Rolling Bag Performance Negro,170.00,1
887768609603,Batera,Batera Lousville Slugger Genuine WTL9302NA Infantil Azul Claro/Gris,35.00,21
654838801399,Protector,Set de Protectores Pie y Codo Evoshield Pro SRZ Adulto Rojo/Gris/Negro,40.00,1
628412285961,Bates,Bate 34-31-2 5/8 Easton Alpha 360 -3 BBCOR Nuevo,240.00,6
752044956866,Casco,Casco 6 1/2-7 Champro HX M Blanco con Raja Negra,80.00,5
654838801409,Catchers,Set de Catcher 07-09 All-Star Negro,320.00,2
083321599293,Guantes,Mascotin  13 Rawlings Shut Out Negro Derecho,120.00,1
097512509664,Medias,Medias S Evoshiesld PRO-SRZ Naranja/Blanco/Gris Adulto,20.00,2
757612324412,Medias,Medias S TCK Naranja Infantil,15.00,2
757612324702,Medias,Medias XS TCK Naranja Infantil,15.00,2
757612324245,Medias,Medias M TCK Naranja Adulto,15.00,1
083321340833,Pelotas,Pelota 9in 5oz Rawlings NFHS (12 Pelota),100.00,8
654838801423,Protector,Set de Protectores Pie y Codo Evoshield Pro SRZ Infantil Amarillo,40.00,1
654838801426,Pelotas,Pelota 12in Markwort Range Balls Kenko Sofbol (1 Pelota),8.00,5
654838801428,Pelotas,Pelota 9in 5oz Rawlings NFHS (1 Pelota),9.00,11
654838801429,Pelotas,Pelota 2.85in 16oz de Arena Gosport Basb-Balls (1 Pelota),10.00,6
654838801431,Pelotas,Pelota 12in Tamanaco SB-120I Softball Blanca (12 pelotas),75.00,1
654838801432,Pelotas,Pelota 9in Goat Kenko Amarilla (12 Pelotas),50.00,38
654838801433,Pelotas,Pelota 12in Goat Kenko Amarilla Sofbol (12 Pelotas),55.00,9
654838801434,Pelotas,Pelota 9in Goat Kenko Amarilla (1 Pelota),5.00,33
654838801435,Pelotas,Pelota 12in Goat Kenko Amarilla Sofbol (1 Pelota),5.00,16
654838801449,Tacos de Beisbol,Tacos 35.5-3.5 Under Armour Leadoff Mid RM Negro (Corte Bajo),60.00,2
097512642620,Guantes,Guante 11.5 Wilson A500 Negro/Being Derecho,130.00,12
752044757630,Mono,Mono YXS  C57L55 Champro Baseball Pant Corto Blanco Infantil,25.00,1
752044693396,Mono,Mono YXS C57-L72 Champro Baseball Paint Infantil Blanco,25.00,3
752044693310,Mono,Mono YM C65L90 Champro  MVP Open Bottom Gris,25.00,1
752044693327,Mono,Mono YS C60L83 Champro  MVP Open Bottom Gris,25.00,2
889961408311,Mono,Mono YXS C55.5L80 Mizuno Blanco Infantil,25.00,5
654838801469,Tacos de Beisbol,Tacos 37.5-5 Under Armour Leadoff Mid RM Negro (Corte Bajo),60.00,1
654838801482,Tacos de Beisbol,Tacos 38-5.5 Under Armour Leadoff Cleat Azul/Blanco (Corte Bajo),60.00,1
654838801491,Ganchos de Beisbol,Gancho 40.5-7.5 New Balance M4040V6 FUELCELL Negro,100.00,1
083321759246,Guantes,Guante 12 Rawling Sandlot Vinotinto Derecho,130.00,3
628412398210,Bates,Bate 32-24-2 3/4 Easton Alpha ALX USSSA -8 Negro/Rojo Nuevo,260.00,11
628412398340,Bates,Bate 32-27-2 5/8 Easton Alpha ALX USSSA -5 Negro/Rojo Nuevo,230.00,4
628412363683,Bates,Bate 29-19-2 1/4 Easton Havoc USA -10 Nuevo,90.00,2
654838801502,Protector,Set de Protectores Pie y Codo Evoshield Pro SRZ Adulto Bandera de Venezuela,40.00,1
628412367926,Batera,Batera Easton Walk-Off Nx Bandera USA,100.00,3
628412367841,Batera,Batera Easton Walk-Off Nx Azul Claro,100.00,3
752044986283,Pelotas,Pelota 9in 2.5oz Champro Control Flitht,40.00,2
083321759314,Guantes,Guante 11.5 Rawlings Sandlot Vinotinto Derecho,130.00,7
083321824487,Guantes,Guante 12 Rawlings Bryce Harper Being / Rojo Derecho,100.00,2
889961486104,Guantes,Mascota 34 Mizuno PVP PRIME Negro Derecho,170.00,5
889961409653,Guantes,Guante 11.75 Mizuno MVP Prime Negro/Marron Derecho,170.00,1
085925769621,Bates,Bate 32-29-2 5/8 Easton Synergy -3 BERS Nuevo,230.00,1
194979060711,Bates,Bate 31-21-2 3/4 LouisVille Solo USSSA Negro/Gris -10 Nuevo,190.00,1
628412366042,Bates,Bate 29-17-2 1/4 Easton Typhoon USA -12 Nuevo,120.00,11
628412366028,Bates,Bate 28-16-2 1/4 Easton Typhoon USA -12 Nuevo,120.00,8
628412363706,Bates,Bate 30-20-2 1/4 Easton Havoc USA -10 Nuevo,90.00,2
654838801514,Bates,Bate 32-29-2 5/8 Axe Origin BBCOR -3 Nuevo,220.00,1
654838801546,Tacos de Beisbol,Tacos 36.5-4.5Under Armour Leadoff Mid RM Negro (Corte Medio),60.00,1
052125115107,Bates,Bate 33-30-2 5/8 AXE Origin BBCORD -3 Nuevo,220.00,4
628412402771,Bates,Bate 32-29-2 5/8 Easton Rival XL -3 BBCOR Nuevo,119.00,2
752044927132,Shorts Compresores,Shorts de Compresion M Champro Deslizamiento Adulto,25.00,1
752044927125,Shorts Compresores,Shorts de Compresion S Champro Deslizamiento Adulto,25.00,1
752044927071,Shorts Compresores,Shorts de Compresion YL Champro Deslizamiento  Infantil,25.00,1
752044927064,Shorts Compresores,Shorts de Compresion YM Champro Deslizamiento  Infantil,25.00,1
752044927057,Shorts Compresores,Shorts de Compresion YS Champro Deslizamiento  Infantil,25.00,4
752044927040,Shorts Compresores,Shorts de Compresion YXS Champro Deslizamiento  Infantil,25.00,2
083321525216,Guantes,Mascotin 11.5 Rawlings Sure Renegade Negro Zurdo,100.00,1
628412366004,Bates,Bate 27-15-2 1/4 Easton Typhoon USA -12 Nuevo,120.00,2
628412366066,Bates,Bate 30-18-2 1/4 Easton Typhoon USA -12 Nuevo,140.00,17
628412402788,Bates,Bate 33-30-2 5/8 Easton Rival XL -3 BBCOR Nuevo,119.00,1
654838801579,Rolling Shoes,Rolling Shoes 38-5.5 Under Armour Yard Negro,100.00,2
654838801584,Tacos de Beisbol,Tacos 38-5.5 Nike Alpha Menace 3 Shark Negro,90.00,2
654838801592,Rolling Shoes,Rolling Shoes 42-8.5 Nike Air Max Alpha Trainer 5 Negro,130.00,1
025725572298,Protector,Deslizador Franklin CFX Slider Reversible Negro,70.00,1
025725504992,Pintura,Pintura Ojos Franklin Negro,15.00,27
025725543595,Guantines,Guantines S Flanklin Classsic XT Blanco/Rojo/Azul Adulto,30.00,3
025725505012,Pintura,Pintura Ojos Franklin USA Tricolor,15.00,1
097512642613,Guantes,Guante 11 Wilson A500 Begin/Rojo Zurdo,100.00,3
628412317280,Casco,Casco 6 1/2-7 1/8 Easton Z5 JR Azul Oscuro con Ralla Roja/Blanca,100.00,7
628412317266,Casco,Casco 7 1/8-7 1/2 Easton Z5 SR Azul Oscuro con Ralla Roja/Blanca,100.00,15
628412400418,Batera,Batera Easton Walk-Off Negro/Dorado,110.00,8
889961425271,Bates,Bate 30-20-2 3/4 Mizuno Hot Metal -10 USSSA Nuevo,160.00,1
628412398043,Bates,Bate 31-21-2 3/4 Easton Alpha ALX Negro/Rojo -10 USSSA Nuevo,230.00,13
194818577318,Tacos de Beisbol,Tacos 28.5-11k Adidas Icon 7 Mid MD K Negro/Blanco,60.00,1
654838801606,Tacos de Beisbol,Tacos 37.5-5 Under Armour Harper 8 Mid Negro/Verder,69.00,1
654838801612,Tacos de Beisbol,Tacos 33.5-2 Under Armour Harper 8 Mid Negro/Verder,69.00,4
654838801613,Tacos de Beisbol,Tacos 33-1.5 Under Armour Harper 8 Mid Negro/Verder,69.00,1
654838801618,Tacos de Beisbol,Tacos 42-8.5 Under Armour Harper 8 Mid RM Gris,79.00,1
654838801631,Tacos de Beisbol,Tacos 45-11 Under Armour Yard Low MT TPU Rojo/Blanco,110.00,2
654838801638,Tacos de Beisbol,Tacos 43-9.5 Under Armour Yard Low MT TPU Azul/Blanco,110.00,2
654838801641,Tacos de Beisbol,Tacos 45-11 Under Armour Yard Low MT TPU Negro,110.00,1
654838801642,Tacos de Beisbol,Tacos 43-9.5 Under Armour Yard Low MT TPU Negro,110.00,1
654838801643,Tacos de Beisbol,Tacos 42.5-9 Under Armour Yard Low MT TPU Negro,110.00,2
654838801644,Tacos de Beisbol,Tacos 42-8.5 Under Armour Yard Low MT TPU Negro,110.00,1
654838801662,Ganchos de Beisbol,Gancho 40-7 Nike Alpha Huarache Elite 3 React Negro,140.00,1
654838801663,Ganchos de Beisbol,Gancho 40.5-7.7 Nike Alpha Huarache Elite 3 React Negro,140.00,2
840058785319,Bates,Bate 32-27-2 5/8 Marucci F5 Verde USSSA -5 Nuevo,200.00,7
840058733167,Bates,Bate 31-23-2 5/8 Marucci CAT7 USSSA -8 Nuevo,260.00,44
840058733174,Bates,Bate 32-24-2 5/8 Marucci CAT7 USSSA -8 Nuevo,230.00,35
083321858581,Guantes,Guante 11.5 Rawlings Select Derecho Beige/Negro/Gris,110.00,8
083321858536,Guantes,Guante 11.5 Rawlings Select Being/Marron/Rojo Derecho,110.00,11
654838801681,Rolling Shoes,Rolling Shoes 35.5-3.5 Under Armour Yard Negro,100.00,2
654838801685,Rolling Shoes,Rolling Shoes 32-1 Under Armour Charged  Negro,100.00,1
628412365564,Bates,Bate 30-20-2 5/8 Easton Quantum USSSA -10 Nuevo,150.00,24
654838801698,Tacos de Beisbol,Tacos 36.5-4.5 Nike Force Trout 9 Keystone Rojo/Negro/Blanco,69.00,4
654838801700,Tacos de Beisbol,Tacos 35.5-3.5 Nike Force Trout 9 Keystone Rojo/Negro/Blanco,69.00,3
654838801717,Tacos de Beisbol,Tacos 38.5-6 Nike Force Trout 9 Keystone Gris,69.00,1
654838801720,Tacos de Beisbol,Tacos 36.5-4.5 Nike Force Trout 9 Keystone Gris,69.00,2
654838801721,Tacos de Beisbol,Tacos 36-4 Nike Force Trout 9 Keystone Gris,69.00,4
654838801722,Tacos de Beisbol,Tacos 35.5-3.5 Nike Force Trout 9 Keystone Gris,69.00,4
654838801724,Tacos de Beisbol,Tacos 33.5-2 Nike Force Trout 9 Keystone Gris,69.00,3
654838801732,Tacos de Beisbol,Tacos 35.5-3.5 Nike Diamond Blanco/Rojo,60.00,3
654838801733,Tacos de Beisbol,Tacos 33.5-2 Nike Diamond Blanco/Rojo,60.00,2
083321755941,Bates,Bate 25-13-2 1/4 Rawlinws Raptor TEEBALL USA -12 Nuevo,80.00,1
887791014153,Banda Elastica,Banda Elastica Nike Reversible Rojo/Blanco,20.00,9
887768508777,Bates,Bate 33 Louisville Slugger Genuine Bamboo,55.00,1
X003KN2C5V,Escalera,Escalera Agility Ladder de Entrenamoento,30.00,10
752044212382,Catchers,Soporte de Rodilla para Catchers Champro Infantil Azul,40.00,3
752044693266,Mono,Mono YM C64L91 Champro Negro Infantil,30.00,4
752044963273,Mono,Mono YS C60L80.5 Champro Negro Infantil,30.00,5
887791376503,Correas,Correa Nike Adulto Vinotinto,25.00,2
847631051687,Protector,Muñequera Protector G-Form Pro negro infantil L/XL,15.00,41
025725454556,Guantines,Guantines M Franklin CFX PRO Blanco Adulto,45.00,1
654838801747,Tacos de Beisbol,Tacos 32-1 Nike Force Trout 9 Keystone Gris,69.00,1
654838801754,Tacos de Beisbol,Tacos 32-1 Nike Diamond Blanco/Rojo,60.00,1
654838801757,Tacos de Beisbol,Tacos 28-11C Nike Diamond Blanco/Rojo,60.00,1
654838801762,Tacos de Beisbol,Tacos 44-10 Under Armour Harper 8 Mid Negro/Verder,79.00,3
654838801783,Tacos de Beisbol,Tacos 44.5-10.5 Under Armour Harper 8 Mid Azul/Blanco,79.00,1
654838801794,Ganchos de Beisbol,Gancho 42.5-9 Nike Force Zoom Trout 9 Pro Rojo,120.00,2
654838801795,Ganchos de Beisbol,Gancho 41-8 Nike Force Zoom Trout 9 Pro Rojo,120.00,2
025725571628,Guantines,Guantines XL Franklin CFX PRO Amarillo Adulto,55.00,4
654838801799,Protector,Set de Protectores Pie y Codo Nike BSBL Infantil Amarillo,45.00,5
654838801800,Protector,Set de Protectores Pie y Codo Nike BSBL Infantil Rojo,45.00,1
654838801826,Ganchos de Beisbol,Gancho 41-8 Nike Alpha Huarache Elite 4 MID Botin Blanco/Rojo,140.00,1
654838801830,Ganchos de Beisbol,Gancho 41-8 Nike Alpha Huarache Elite 4 MID Botin Blanco/Azul,140.00,2
840058747669,Bates,Bate 31-23-2 3/4 Marucci F5 -8 USSSA Nuevo,220.00,7
887791737274,Protector,Deslizador Nike Diamond Adulto Negro ambidiestro,80.00,27
097512444217,Batera,Batera LoisVille Wheeled Bab Genuine Negro/Gris,150.00,1
083321858413,Guantes,Guante 11.5 Rawling RCS Being Derecho,100.00,1
029343060625,Casco,Casco 6 1/2-7 1/2 All-Star BH3000 Rojo,75.00,3
752044869432,Bates,Bate de Entrenamiento 30/12 Champro Contact Negro,60.00,2
840245409929,Bates,Bate 32-24-2 5/8 Warstic Bonesaber USSSA -8 Nuevo,330.00,5
887791757081,Protector,Protector de Mano Nike Diamond Baseball Batters Hand Guard Negro,50.00,20
752044986399,Batting Tee,Batting Tee Champro Brute  23-43in,100.00,6
628412277492,Casco,Kit para Casco Easton  Universal para Bateador y Receptor,20.00,2
654838801863,Guantes,Guante 11.75 Rawlings Gamer Derecho Negro-Being,160.00,12
628412363843,Batera,Batera Easton Reflex Azul Claro/Negro,80.00,2
628412370322,Batera,Batera Easton Reflex Azul Oscuro/Negro,80.00,1
628412370360,Batera,Batera Easton Reflex USA,80.00,2
752044956835,Casco,Casco 6 1/2-7 Champro HX M Azul Claro con Ralla Blanca,80.00,5
029343060663,Casco,Casco 5 7/8-6 3/4 All-Star BH3010 Azul Claro,75.00,7
029343060649,Casco,Casco 5 7/8-6 3/4 All-Star BH3010 Negro,75.00,5
029343060670,Casco,Casco 5 7/8-6 3/4 All-Star BH3010 Rojo,75.00,7
HC0476402,Protector,Deslizador Ambidiestro Infantil Negro,40.00,20
640779435025,Protector,Suspensorio YS Bike Performance Boxer Cotton Rojo,20.00,3
654838801869,Tacos de Beisbol,Tacos 35.5-3.5 Nike Alpha Menace 3 Shark Rojo,90.00,1
097512585736,Batera,Batera Demarini Voodog OG Negro/Dorado,110.00,2
X003YWV8KX,Bandas de Resistencia,Bandas de Resistencia Aihoye Premium,30.00,3
025725543632,Guantines,Guantines YS Franklin Classic XT USA,30.00,12
X002NXS1LD,Grip,Grip Champkey Azul (2 grip),15.00,10
654838801919,Tacos de Beisbol,Tacos 35.5-3.5 Nike Force Trout 9 Keystone Rojo/Verde/Negro,80.00,1
654838801875,Protector,Set de Protectores Pie y Codo Evoshield Pro SRZ Infantil Azul Oscuro/Amarillo,40.00,3
097512462877,Batera,Batera Demarini Voodoo XL USA,110.00,7
025725543519,Guantines,Guantines YM Franklin Shok-Sorb X Negro/Dorado,30.00,2
654838801883,Rolling Shoes,Rolling Shoes 42-8.5 Under Armour Yard  Negro,100.00,1
654838801884,Rolling Shoes,Rolling Shoes 42.5-9 Under Armour Yard  Negro,100.00,1
654838801887,Rolling Shoes,Rolling Shoes 41.5-8 New Balance Fresh Foam 3000 v6 Azul/Blanco,130.00,1
752044956828,Casco,Casco 6 1/2-7 Champro HX M Azul Oscuro con Ralla Blanca,80.00,2
752044971036,Casco,Casco 6 1/2-7 Champro HX M Game Blanco,90.00,4
029343060601,Casco,Casco 6 1/2-7 1/2 All-Star BH3000 Azul Oscuro,75.00,1
887768730031,Bates,Bate 30-19-2 5/8 Luisville Solo USA -11 Nuevo,230.00,10
628412365540,Bates,Bate 29-19-2 5/8 Easton Quantum USSSA -10 Nuevo,150.00,4
654838801914,Bates,Bate 34-30-2 1/4 Demarini Weapon Ultimate Softball Usado,150.00,1
654838801938,Tacos de Beisbol,Tacos 44.5-10.5 Under Armour Harper 8 Mid Negro/Verder,79.00,5
654838801946,Ganchos de Beisbol,Gancho 40.5-7.5 Nike Force Zoom Trout 9 Pro Negro,120.00,3
654838801947,Ganchos de Beisbol,Gancho 40-7 Nike Force Zoom Trout 9 Pro Negro,120.00,2
097512444064,Batera,Batera Demarini Voodoo XL Azul Oscuro/Negro,110.00,1
097512441568,Batera,Batera Demarini Voodoo XL Rojo/Negro,110.00,3
654838801948,Grip,Grip Alien Pros Negro Cormena,10.00,1
654838801961,Protector,Set de Protectores Pie y Codo Evoshield Pro SRZ Infantil Bandera de Venezuela 4,60.00,8
654838801962,Protector,Set de Protectores Pie y Codo Evoshield Pro SRZ Infantil Bandera de Venezuela 5,60.00,5
654838801963,Protector,Set de Protectores Pie y Codo Evoshield Pro SRZ Infantil Bandera de Venezuela 4 Zurdo,60.00,2
029343069208,Guantes,Mascota 31.5 All-Star Future Star Negro/Being Derecho,120.00,1
752044223104,Otros,Cordones de cuero A011-T para reparacion de guantes Beige,15.00,21
752044223111,Otros,Cordones de cuero A011-B para reparacion de guantes Negro,15.00,23
025725507535,Guantines,Guantines YS Franklin 2ND-SKINZ Blanco Infantil,25.00,7
193656404138,Mono,Mono YXS C64L48 Nike Vapor Select Corto Blanco,40.00,1
193150214493,Mono,Mono YL L65C72 Nike Vapor Select Corto Blanco,40.00,1
654838801973,Ganchos de Beisbol,Gancho 42.5-9 Nike Force Zoom Trout 9 Blanco/Negro,120.00,1
654838801974,Ganchos de Beisbol,Gancho 40.5-7.5 Nike Force Zoom Trout 9 Blanco/Negro,120.00,1
654838801975,Ganchos de Beisbol,Gancho 41-8 Nike Force Zoom Trout 9 Blanco/Negro,120.00,1
654838801976,Ganchos de Beisbol,Gancho 40-7 Nike Force Zoom Trout 9 Blanco/Negro,120.00,2
654838801977,Ganchos de Beisbol,Gancho 42-8.5 Nike Force Zoom Trout 9 Blanco/Negro,120.00,1
654838801978,Rolling Shoes,Rolling Shoes 39.5-6.5 New Balance Fresh Foam T3000SK6 Negro,120.00,1
654838801979,Rolling Shoes,Rolling Shoes 40.5-7 New Balance Fresh Foam T3000SK6 Negro,120.00,1
654838801980,Rolling Shoes,Rolling Shoes 41.5-8 New Balance Fresh Foam T3000SK6 Negro,120.00,1
745492989081,Contador de Lanzamientos,Contador de Lanzamiento Rawlings,15.00,27
840058733594,Bates,Bate 31-21-2 3/4 Marucci CAT9 USSSA -10 Nuevo,280.00,1
628412173763,Batera,Batera Easton E310D Player Duffle Azul Claro,75.00,1
628412221969,Batera,Batera Easton Game Ready Backpack Infantil Azul/Gris/Negro,75.00,4
628412222065,Batera,Batera Easton Game Ready Infantil USA,75.00,2
654838801981,Pelotas,Pelota 12in Tamanaco SB-120I Softball Blanca (3 pelotas),20.00,3
628412363560,Bates,Bate 30-20-2 5/8 Easton Speed USA -10 Nuevo,130.00,6
628412363584,Bates,Bate 31-21-2 5/8 Easton Speed USA -10 Nuevo,130.00,4
887768730048,Bates,Bate 31-20-2 5/8 Louisville Solo USA -11 Nuevo,230.00,37
097512702454,Guantes,Guante 12.75 Wilson A500 Gris/Azul/Rojo Derecho,120.00,3
083321717604,Guantes,Guante 12.75 Rawlings R9 Negro Derecho,190.00,1
083321716546,Guantes,Mascota 27 Rawlings R9 Negra Entrenamiento,180.00,1
097512444286,Batera,Batera Demarini Voodoo OG Negro/Amarillo,110.00,3
000001414772,Lentes,Lente Rawlings 3 Sunglasses Blanco/Naranja,30.00,17
654838801996,Catchers,Set de Catcher 07-09 Rawlings Renegade  Azul,360.00,2
654838802001,Tacos de Beisbol,Tacos 36-4 Nike Force Trout 9 Pro MCS Negro,110.00,2
654838802002,Tacos de Beisbol,Tacos 35.5-3.5 Nike Force Trout 9 Pro MCS Negro,110.00,3
654838802003,Tacos de Beisbol,Tacos 35-3 Nike Force Trout 9 Pro MCS Negro,110.00,1
654838802012,Tacos de Beisbol,Tacos 44.5-10.5 Nike Alpha Huarache Elite 4 Low MCS Blanco/Tricolor,120.00,3
654838802030,Ganchos de Beisbol,Gancho 40.5-7.5 Nike Force Zoom Trout 9 Pro Blanco/Tricolor,120.00,2
654838802031,Ganchos de Beisbol,Gancho 40-7 Nike Force Zoom Trout 9 Pro Blanco/Tricolor,120.00,1
711293028342,Protector,Codera Bike L Adulto,0.00,1
752044422248,Mono,Mono YS C64L54 Champro BP68 Corto Blanco Infantil,25.00,1
752044422262,Mono,Mono YL C70L103 Champro Baseball Paint BP68 Corto Infantil Blanco,25.00,1
654838802035,Guantes,Guante 11.75 Rawlings Gamer Zurdo Negro/Being,160.00,4
000001427267,Lentes,Lentes Rawlings RY134 Sunglasses para béisbol juvenil (blanco/azul),25.00,9
654838802039,Pelotas,Pelota 8.5in 4.5Onzas Lexis Competition Cuero (12 Pelotas),80.00,11
850044145140,Protector,Deslizador Guardian Slidng Mitt Infantil Ambidiestro Azul/Rojo/Blanco,80.00,1
850044145188,Protector,Deslizador Guardian Slidng Mitt Infantil Ambidiestro Naranja,96.00,14
X003IKG2P7,Protector,Deslizador Yuyongshuai Slidng Mitt I Infantil Mano Izquierda Negro,40.00,29
628412324875,Bates,Bate 32-27-2 5/8 Easton Hype USSSA -5 Nuevo,200.00,3
628412413098,Bates,Bate 31-20-2 5/8 Easton Quantum Rojo/Negro USA -11 Nuevo,200.00,2
889961425196,Bates,Bate 31-21-2 5/8 Mizuno Hot Metal USA -10 Nuevo,180.00,1
052125144213,Bates,Bate 32-22-2 5/8 Axe Strato -10 USA Nuevo,288.00,2
197610132440,Shorts Compresores,Licra para Entrenamieno M Adidas Hyglm 1/1 L Q3 Licra gris de mujer,1.00,1
654838802051,Ganchos de Beisbol,Gancho 40-7 Nike Alpha Huarache Elite 4 Botin Gris-Blanco,140.00,1
025725456291,Bates,Bate 26-16-2 1/4 Franklin Venom Teeball USA Nuevo,50.00,3
083321755927,Bates,Bate 30-20-2 1/4 Rawlings Raptor -10 USA Nuevo,90.00,3
752044637925,Arbitro,Mascara para Arbitro Champro CM63B,1.00,1
097512642644,Guantes,Guante 12 Wilson A500 Being con Rojo Zurdo,100.00,2
654838802041,Ganchos de Beisbol,Gancho 40.5-7.5 Nike Alpha Huarache Elite 4 Botin Gris-Blanco,140.00,1
654838802042,Ganchos de Beisbol,Gancho 41-8 Nike Alpha Huarache Elite 4 Botin Gris-Blanco,140.00,1
628412395202,Guantes,Guante 11 Easton Future Elite Azul/Rojo Zurdo,100.00,2
628412402887,Bates,Bate 30-18-2 1/4 Easton Moxie USA -12 Nuevo,120.00,19
710858006931,Arbitro,Indicador de Arbitro Champro,10.00,1
654838802047,Ganchos de Beisbol,Gancho 42.5-9 Nike Force Zoom Trout 9 Pro Negro,120.00,2
840058785289,Bates,Bate 31-21-2 5/8 Marucci F5 Verde -10 USA Nuevo,240.00,3
083321534973,Bates,Bate 31-19-2 5/8 Rawlings Threat -12 USA Nuevo,150.00,2
628412397831,Bates,Bate 33-30-2 5/8 Easton ALX -3 BBCOR Nuevo Rojo/Negro,260.00,11
628412398562,Bates,Bate 32-24-2 5/8 Easton Alpha ALX -8 USA Negro/Rojo Nuevo,240.00,7
814656018193,Bates,Bate 33-2 1/2 Pinnacle BBB BBCOR Bamboo Rojo Nuevo,80.00,1
628412363546,Bates,Bate 29-19-2 5/8 Easton Speed USA -10 Nuevo,130.00,1
745492989609,Batting Tee,Batting Tee Rawlings 28-44in,50.00,2
097512645669,Guantes,Mascota 32 Wilson A500 Gris/Negro Derecho,100.00,3
097512642675,Guantes,Guante 12.5 Wilson A500 Negro/Gris Zurdo,110.00,1
628412413128,Bates,Bate 32-27-2 5/8 Easton Quantum Drop S USA -5 Nuevo,200.00,7
628412402870,Bates,Bate 29-17-2 1/4 Easton Moxie USA -12 Nuevo,120.00,5
083321785306,Bates,Bate 32-29-2  5/8 Rawlings Impact BBCOR -3 Nuevo,192.00,7
083321785313,Bates,Bate 33-30-2  5/8 Rawlings Impact BBCOR -3 Nuevo,130.00,5
083321825316,Guantes,Guante 12.5 Rawlings Select Exclusive Edition 3028 Zurdo Marron/Being,100.00,5
889961486265,Guantes,Mascotin 13 Mizuno MVP Prime Fastpitch Softball Blanco Derecho,170.00,2
887768732851,Casco,Casco 7 1/2-8 L-XL EvoShield XVT Batting Helmet Gris S/P,95.00,10
887768732868,Casco,Casco 7-7 1/2 S-M EvoShield XVT Batting Helmet Gris S/P,95.00,8
887791773692,Protector,Deslizador Nike Ronald Acuna Jr,80.00,3
887791773593,Protector,Protector de Pie Nike Ronal Acuna,80.00,3
654838802084,Bates,Bate 31-23-2 5/8 Warstic Bonesaber USSSA -8 Nuevo,330.00,4
194818418116,Deportivos,Deportivos 34-2.5 Adidas RACER  TR21K Negro,80.00,2
654838802095,Ganchos de Beisbol,Gancho 42-8.5 Nike Alpha Huarache Elite 4 Azul/Blanco,140.00,2
654838802096,Ganchos de Beisbol,Gancho 40.5-7.5 Nike Alpha Huarache Elite 4 Azul/Blanco,140.00,2
654838802097,Ganchos de Beisbol,Gancho 40-7 Nike Alpha Huarache Elite 4 Azul/Blanco,140.00,2
654838802101,Ganchos de Beisbol,Gancho 40-7 Nike Force Zoom Trout 9 Elite Gris,120.00,1
654838802104,Ganchos de Beisbol,Gancho 40-7 Nike Force Zoom Trout 9 Elite Blanco,120.00,1
654838802107,Ganchos de Beisbol,Gancho 42.5-9 Nike Force Zoom Trout 9 Elite Negro,120.00,3
654838802108,Ganchos de Beisbol,Gancho 42.5-9 Nike Alpha Huarache NXT Negro,140.00,2
654838802109,Ganchos de Beisbol,Gancho 44.5-10.5 Nike Alpha Huarache NXT Negro,140.00,1
196884007997,Guantines,Guantines YM Under Armour Clean Up Naranja/Negro,30.00,1
196884008284,Guantines,Guantines YS Under Armour Clean Up Azul/Negro,30.00,3
196884008277,Guantines,Guantines YM Under Armour Clean Up Azul/Negro,30.00,1
196884008260,Guantines,Guantines YL Under Armour Clean Up Azul/Negro,30.00,2
195244776351,Medias,Media M Nike Dri-Fit Rojo (2 Pares),30.00,6
195244776344,Medias,Media S Nike Dri-Fit Rojo (2 Pares),30.00,2
195244776238,Medias,Media M Nike Dri-Fit Azul (2 Pares),30.00,6
195244776245,Medias,Media L Nike Dri-Fit Azul (2 Pares),30.00,5
195244776221,Medias,Media S Nike Dri-Fit Azul (2 Pares),30.00,6
195244776061,Medias,Media S Nike Dri-Fit Negro (2 Pares),30.00,4
649862890017,Mono,Mono YS C62L65 Wire2Wire Corto Blanco,25.00,2
649862890031,Mono,Mono YL C70L63 Wire2Wire Corto Blanco,25.00,14
029343005725,Guantes,Mascota 31.5 All-Star Pro Series Derecho Marron-Negro,150.00,16
083321773679,Guantes,Guante 11 Rawlings Sure Catch Being/Negro,70.00,9
083321772214,Guantes,Guante 11.5 Rawlings Breakout Glove Azul Oscuro/Rojo Derecho,200.00,1
083321772481,Guantes,Mascota 32.5 Rawlings Breakout Azul Oscuro/Rojo Derecho,200.00,2
710858028476,Protector,Mascara para Softball Champion  FMABK Negra Adulto,50.00,8
831345007139,Bates,Trainer de Bateo SKLZ 52in Mas de 7 Años,55.00,3
078914198212,Grip,Grip Hot Glove Mega Wrap USA  1.5mm,15.00,13
X002NXMJBV,Grip,Grip Champkey Negro (2 Grip),15.00,9
029343740817,Catchers,Careta Catchers 7-7 1/2 All-StarMVP2300-1 Negro,110.00,1
083321169694,Batera,Batera Rawlings Covert-R Adulto Azul Oscuro,75.00,1
2083321811166,Batera,Batera Rawlings Remix Azul USA,40.00,3
628412173800,Batera,Batera Easton E310D Player Duffle Naranja,75.00,2
628412298206,Casco,Casco 6 1/4-6 7/8 Easton Alpha S Negro,90.00,1
0052125107577,Bates,Bate 32-29-2 5/8 Axe Origin BBCOR -3 Negro/Verde Nuevo,180.00,3
628412402924,Bates,Bate 26-13-2 1/4 Easton Moxie USA -13 Nuevo,90.00,9
083321692727,Catchers,Set de Catcher 15-Mas Rawlings Velo 2.0 USA,500.00,6
654838802119,Catchers,Peto de Catcher 15-Mas Wilson A3225 Aduto Rojo,0.00,1
X0047CC1R3,Cadena,Collar y Pulsera para Beisbol Cogu Jewelry Blancp/Azul/Rojo,20.00,5
X0048H71YF,Cadena,Collar para Beisbol Cogu Necklace Amarillo/Blanco/Rojo/Azul,20.00,10
654838802120,Lentes,Lentes Sekkaf Negro Infanti (6-12 Años),30.00,1
654838802121,Lentes,Lentes Sekkaf Blanco/Tornasol Infanti (6-12 Años),30.00,1
654838802122,Lentes,Lentes Sekkaf Blanco/Azul Infanti (6-12 Años),30.00,1
194818418161,Deportivos,Deportivos 36-4 Adidas RACER  TR21K Negro,80.00,1
197609442161,Deportivos,Deportivos  39.5-7.5 Adidas Sleek W IH1299  Rosado,80.00,1
654838802296,Protector,"Combo Set de Protectores Pie, Codo y Deslizador Evoshield Pro SRZ Infantil Amarillo/Negro/Blanco Cuero",80.00,5
628412414040,Bates,Bate 32-27-2 5/8 Easton MAV1 USSSA -5 Nuevo,200.00,12
654838802136,Pelotas,Pelota 9in Rawlings Pony  5Onz (1 Pelota),10.00,2
097512727273,Guantes,Guante 11 Wilson A450 Rojo Zurdo,80.00,1
752044751010,Protector,Mascara para Softball Campro Grill CM01W Blanco Adulto,50.00,1
025725544530,Guantines,Guantines S Franklin Powerstrap Azul/Rojo/Blanco Adulto,55.00,2
025725544561,Guantines,Guantines XL Franklin Powerstrap Azul/Rojo/Blanco Adulto,55.00,4
628412398487,Bates,Bate 31-20-2 5/8 Easton Alpha ALX USA -11 Nuevo,240.00,23
752044956859,Casco,Casco 6 1/2-7 Champro HX M Gris con Ralla Negra,80.00,1
628412278390,Casco,Casco  7 1/8-7 1/2 Easton Z5 SR Azul,100.00,1
889961427367,Correas,Correa Mizuno Classic Azul Oscuro Infantil,15.00,5
889961427350,Correas,Correa Mizuno Classic Verde Infantil,15.00,3
889961427411,Correas,Correa Mizuno Classic Gris Infantil,15.00,5
889961427329,Correas,Correa Mizuno Classic ViniTinto Infantil,15.00,2
888284090814,Correas,Correa Under Armour Negro  Adulto,15.00,1
888284090821,Correas,Correa Under Armour Azul Claro Infantil,15.00,1
888284082390,Correas,Correa Under Armour Azul Claro Adulto,15.00,1
888284090807,Correas,Correa Under Armour Rojo Adulto,15.00,5
888376407476,Correas,Correa Under Armour Morado Adulto,15.00,1
888376407490,Correas,Correa Under Armour Amarillo Adulto,15.00,4
190086325309,Correas,Correa Under Armour Blanco Adulto,15.00,10
888284090838,Correas,Correa Under Armour Azul Oscuro Infantil,15.00,2
888284082383,Correas,Correa Under Armour Azul Oscuro Adulto,15.00,4
888376404581,Correas,Correa Under Armour Naranja Infantil,15.00,1
888376407483,Correas,Correa Under Armour Naranja Adulto,15.00,1
654838802589,Ganchos de Beisbol,Gancho 45-11 Nike Force Zoom Trout 9 Pro Blanco/Azul Marino,120.00,2
083321620362,Sudaderas,Sudadera YXL Rawlings con botones oculto Azul Oscuto/Blanco,25.00,1
083321620355,Sudaderas,Sudadera YL Rawlings con botones oculto Azul Oscuro/Blanco,25.00,1
886918174787,Sudaderas,Sudadera YL Alleson Azul,25.00,1
886918174770,Sudaderas,Sudadera YM Alleson Azul,25.00,1
052125144282,Bates,Bate 32-24-2 5/8 Axe Strato -8 USA Nuevo,288.00,1
628412398623,Bates,Bate 26-15-2 5/8 Easton ALX Alpha  Tee Ball USA -11 Nuevo,90.00,1
654838802127,Tacos de Beisbol,Tacos 38.5-6 Under Armour Leadoff Mid RM 3.0 BSBL Negro,75.00,9
654838802128,Tacos de Beisbol,Tacos 37.5-5 Under Armour Leadoff Mid RM 3.0 BSBL Negro,75.00,7
654838802129,Tacos de Beisbol,Tacos 33.5-2 Under Armour Leadoff Mid RM 3.0 BSBL Negro,75.00,11
654838802130,Tacos de Beisbol,Tacos 38.5-6 Under Armour Leadoff Mid RM 3.0 BSBL Gris,75.00,7
654838802131,Tacos de Beisbol,Tacos 36-4 Under Armour Leadoff Mid RM 3.0 BSBL Gris,75.00,8
654838802132,Tacos de Beisbol,Tacos 33.5-2 Under Armour Leadoff Mid RM 3.0 BSBL Gris,75.00,3
085925741887,Pintura,Pintura Ojos Easton Barra  Negro,10.00,10
649862888915,Mono,Mono YS WIRE2WIRE Blanco Infantil,25.00,15
097512437189,Guantes,Guante 12 Wilson A700  Negro/Rojo (8-12) Derecho,130.00,5
628412413081,Bates,Bate 30-19-2 5/8 Easton Quantum USA -11 Rojo/Negro Nuevo,200.00,6
628412398555,Bates,Bate 31-23-2 5/8 Easton Alpha ALX -8 USA Negro/Rojo Nuevo,240.00,6
654838802142,Bates,Bate 34-28-2 1/4 Nike Swoosh Softball USADO,0.00,1
654838802143,Bates,Bate 34-32-2 1/4 Demarini Weapon Ultimate Softball Usado,0.00,1
649862888762,Mono,Mono M C84L110 Wire2Wire Blanco Adulto,30.00,1
654838802144,Tacos de Beisbol,Tacos 44.5-10.5 Nike Alpha Huarache NXT Negro,140.00,1
654838802145,Tacos de Beisbol,Tacos 44-10 Nike Alpha Huarache NXT Negro,140.00,1
654838802150,Tacos de Beisbol,Tacos 41-8 Nike Alpha Huarache NXT Blanco,140.00,1
654838802151,Tacos de Beisbol,Tacos 44.5-10.5 Nike Alpha Menace 4 Shark Rojo,80.00,2
654838802152,Tacos de Beisbol,Tacos 44-10 Nike Alpha Menace 4 Shark Rojo,80.00,2
654838802156,Tacos de Beisbol,Tacos 35.5-3.5 New Balance 4040 V7 Negro,100.00,1
654838802158,Tacos de Beisbol,Tacos 33.5-2 New Balance 4040 V7 Negro,100.00,1
654838802160,Tacos de Beisbol,Tacos 33-1.5 New Balance 4040 V7 Negro,100.00,1
654838802161,Ganchos de Beisbol,Gancho 40.5-7.5 Nike Alpha Huarache Elite 4 Low Negro/Azul/Rosa/Verde,140.00,1
654838802165,Ganchos de Beisbol,Gancho 42-8.5 Nike Force Zoom Trout 9 Elite Negro,120.00,1
083321716447,Guantes,Guante 12 Rawlings R9 Negro Zurdo,190.00,2
083321830051,Bates,Bate 31-19-2 1/4 Rawlings Ecipse Softball -12 Nuevo,0.00,1
654838802168,Bates,Bate 30-20-2 5/8 Easton Quantum USSSA -10 USADO,1.00,2
654838802170,Tacos de Beisbol,Tacos 34-2.5 Nike Alpha Huarache 4 Keystone Blanco,60.00,1
654838802174,Tacos de Beisbol,Tacos 33.5-2 Nike Alpha Huarache 4 Keystone Gris,60.00,1
654838802176,Tacos de Beisbol,Tacos 38-5.5 Nike Alpha Huarache 4 Keystone Banco/Rojo,60.00,2
195733675035,Deportivos,Deportivos 45.5-11 Adidas Hoops 3.0 Mid Negros,70.00,1
654838802187,Ganchos de Beisbol,Gancho 39.5-6.5 New Balance FuelCell 4040v6 Trophy,100.00,1
195733674953,Deportivos,Deportivos 44.5-10.5 Adidas Hoops 3.0 Mid Negros,70.00,1
195733674991,Deportivos,Deportivos 44-10 Adidas Hoops 3.0 Mid Negros,70.00,4
195733674922,Deportivos,Deportivos 43.5-9.5 Adidas Hoops 3.0 Mid Negros,70.00,2
195733675028,Deportivos,Deportivos 42.5-9 Adidas Hoops 3.0 Mid Negros,70.00,3
195733674977,Deportivos,Deportivos 41.5-8 Adidas Hoops 3.0 Mid Negros,70.00,2
195733636784,Deportivos,Deportivos 40-6.5 Adidas Hoops 3.0 Mid Blanco,70.00,1
654838802196,Rolling Shoes,Rolling Shoes 42-8.5 New Balance Fresh Foam X 1440 Blanco/Verde/Negro,120.00,1
654838802197,Rolling Shoes,Rolling Shoes 41.5-8 New Balance Fresh Foam X 1440 Blanco/Verde/Negro,120.00,1
654838802199,Rolling Shoes,Rolling Shoes 41.5-8 New Balance Fresh Foam X 1440 Negros,120.00,2
195747138601,Deportivos,Deportivos 40-7 Adidas Ultrabounce Negros,80.00,1
654838802201,Tacos de Beisbol,Tacos 34.5-2.5 New Balance J3000BK5,100.00,2
654838802202,Tacos de Beisbol,Tacos 33.5-2 Nike Force Trout 9 Pro MCS Negro,110.00,1
649862889851,Mono,Mono S Wire2Wire Blanco Adulto,30.00,3
649862887857,Mono,Mono S C73L110Wire2Wire Blanco con Ralla Negra Adulto,30.00,2
649862887864,Mono,Mono M C83L110 Wire2Wire Blanco con ralla Negra Adulto,30.00,2
649862887987,Mono,Mono XL C103L121 Wire2Wire Blanco con ralla Azul Adulto,30.00,1
649862888236,Mono,Mono XL C103L121 Wire2Wire Gris con ralla Roja Adulto,30.00,2
649862888182,Mono,Mono XL C103L121 Wire2Wire Gris con ralla Azul Claro Adulto,30.00,6
649862888175,Mono,Mono L C93L115 Wirw2Wire Gris con ralla Azul claro Adulto,30.00,1
649862888083,Mono,Mono XL C104L119 Wire2Wire Gris con ralla Negra Adulto,30.00,4
649862888731,Mono,Mono Xl C105L122 Wire2Wire Gris  Adulto,30.00,2
649862888687,Mono,Mono XL C104L121 Wire2Wire Gris Grafito Adulto,30.00,3
716106625060,Medias,Medias L Adidas Cushioned 6-12 (3 Pares) Negras,30.00,10
191979337225,Sudaderas,Sudadera L Adidas Azul Adulto,25.00,2
649862909030,Sudaderas,Sudadera con capucha S Wire2Wire Rojo con Gris  Adulto,25.00,2
649862909047,Sudaderas,Sudadera con capucha M Wire2Wire Rojo con Gris Adulto,25.00,2
649862909054,Sudaderas,Sudadera con capucha L Wire2Wire Rojo con Gris Adulto,25.00,4
649862901119,Sudaderas,Sudadera con capucha M Wire2Wire Hoodie Rojo Adulto,25.00,1
649862901102,Sudaderas,Sudadera con capucha S Wire2Wire Hoodie Rojo Adulto,25.00,6
649862901157,Sudaderas,Sudadera con capucha S Wire2Wire Hoodie Azul claro Adulto,25.00,3
649862901164,Sudaderas,Sudadera con capucha M Wire2Wire Hoodie Azul claro Adulto,25.00,1
649862901072,Sudaderas,Sudadera con capucha L Wire2Wire Hoodie Azul Oscuro Adulto,25.00,2
649862901058,Sudaderas,Sudadera con capucha S Wire2Wire Hoodie Azul Oscuro Adulto,25.00,2
649862901324,Sudaderas,Camisa S Wire2Wire Cage Jacket Azul oscuro con Gris Adulto,25.00,6
649862901331,Sudaderas,Camisa M Wire2Wire Cage Jacket Azul oscuro con Gris Adulto,25.00,2
649862901348,Sudaderas,Camisa L Wire2Wire Cage Jacket Azul oscuro con Gris Adulto,25.00,2
649862909863,Sudaderas,Sudadera XL Wire2Wire Performance Training 1/4 Azul/Gris Adulto,25.00,1
649862909856,Sudaderas,Sudadera L Wire2Wire Performance Training 1/4 Azul/Gris Adulto,25.00,2
195907148877,Sudaderas,Suete S New Balance Travelhody VinoTinto Adulto,25.00,1
195907148891,Sudaderas,Suete XL New Balance Travelhody VinoTinto Adulto,25.00,1
097512585040,Guantines,Guantines M Evoshield  Khaos  Azul/Verde/Blanco Adulto,40.00,2
097512585057,Guantines,Guantines S Evoshield  Khaos  Azul/Verde/Blanco Adulto,40.00,2
196884011666,Guantines,Guantines L Under Armour Clean Up Azul/Negro Adulto,35.00,10
196884011697,Guantines,Guantines XL Under Armour Clean Up Azul/Negro Adulto,35.00,6
196883990634,Guantines,Guantines L Under Armour Clean Up Blanco/Vinotinto Adulto,35.00,2
196883990641,Guantines,Guantines M Under Armour Clean Up Blanco/Vinotinto Adulto,35.00,1
196883986064,Guantines,Guantines M Under Armour UA Clean UP Rojo/Negro,35.00,12
196883986088,Guantines,Guantines XL Under Armour UA Clean UP Rojo/Negro,35.00,6
196883986071,Guantines,Guantines S Under Armour UA Clean UP Rojo/Negro,35.00,5
097512585200,Guantines,Guantines M Evoshield Khaos Rojo Adulto,40.00,2
097512585194,Guantines,Guantines S Evoshield Khaos Rojo Adulto,40.00,2
196884011635,Guantines,Guantines S Under Armour Clean UP Negro Adulto,35.00,2
196884011628,Guantines,Guantines M Under Armour Clean UP Negro Adulto,35.00,3
196884011611,Guantines,Guantines L Under Armour Clean UP Negro Adulto,35.00,3
196884711337,Guantines,Guantines YM Under Armour Clean UP Negro Infantil,35.00,6
196884711344,Guantines,Guantines YL Under Armour Clean UP Negro Infantil,30.00,12
654838802220,Rolling Shoes,Rolling Shoes 44.5-10.5 Nike Air Zoom Diamond Elite Turf Gris,120.00,1
654838802603,Tacos de Beisbol,Tacos 38.5-6 RIP-IT Gris/Blanco,15.00,5
716106644702,Medias,Medias M Adidas Cushioned 5-10 (2 Pares) Negras,30.00,4
654838802221,Tacos de Beisbol,Tacos 35-3 Under Armour Leadoff Mid RM 3.0 BSBL Negro,75.00,5
654838802225,Tacos de Beisbol,Tacos 35-3 Under Armour Leadoff Mid RM 3.0 BSBL Blanco/Azul,79.00,1
196472015410,Chanclas,Chancla 42-8 Adidas Adilette Agua Azul,25.00,1
194818418130,Deportivos,Deportivos 38.5-6 Adidas RACER  TR21K Negro,80.00,1
083321759390,Guantes,Mascotin 12.5 Rawlings Sandlot Vinotinto Zurdo,130.00,1
849817095492,Bates,Bate 33-30-2 5/8 Marucci CAT8 BBCOR -3 Nuevo,260.00,3
628412428429,Bates,Bate 32-22-2 5/8 Easton Speed Rojo USA -10 Nuevo,200.00,6
628412363386,Bates,Bate 33-30-2 5/8 Easton Speed -3 BBCOR Nuevo,130.00,1
628412398470,Bates,Bate 30-19-2 5/8 Easton Alpha ALX USA -11 Nuevo,240.00,3
654838802236,Tacos de Beisbol,Tacos 38.5-6 Under Armour Leadoff Mid RM 3.0 BSBL Blanco/Azul,75.00,2
654838802237,Tacos de Beisbol,Tacos 37.5-5 Under Armour Leadoff Mid RM 3.0 BSBL Blanco/Azul,75.00,1
654838802239,Tacos de Beisbol,Tacos 32-1 Under Armour Leadoff Mid RM 3.0 BSBL Blanco/Azul,75.00,5
654838802241,Tacos de Beisbol,Tacos 37.5-5 Under Armour Leadoff Mid RM 3.0 BSBL Blanco/Rojo,75.00,9
654838802242,Tacos de Beisbol,Tacos 32-1 Under Armour Leadoff Mid RM 3.0 BSBL Blanco/Rojo,79.00,1
654838802244,Tacos de Beisbol,Tacos 38-5.5 Under Armour Leadoff Mid RM 3.0 BSBL Gris,75.00,1
654838802245,Tacos de Beisbol,Tacos 37.5-5 Under Armour Leadoff Mid RM 3.0 BSBL Gris,75.00,1
654838802247,Tacos de Beisbol,Tacos 35.5-3.5 Under Armour Leadoff Mid RM 3.0 BSBL Gris,75.00,1
654838802248,Tacos de Beisbol,Tacos 33-1.5 Under Armour Leadoff Mid RM 3.0 BSBL Gris,75.00,1
654838802249,Tacos de Beisbol,Tacos 32-1 Under Armour Leadoff Mid RM 3.0 BSBL Gris,75.00,4
654838802250,Tacos de Beisbol,Tacos 39-6.5 Under Armour Leadoff Mid RM 3.0 BSBL Negro,75.00,2
654838802252,Tacos de Beisbol,Tacos 36-4 Under Armour Leadoff Mid RM 3.0 BSBL Negro,75.00,8
654838802253,Tacos de Beisbol,Tacos 32-1 Under Armour Leadoff Mid RM 3.0 BSBL Negro,75.00,2
654838802254,Tacos de Beisbol,Tacos 33-1.5 Under Armour Leadoff Mid RM 3.0 BSBL Negro,75.00,1
654838802255,Tacos de Beisbol,Tacos 35.5-3.5 Under Armour Leadoff Mid RM 3.0 BSBL Negro,75.00,5
083321848223,Guantes,Guante 11 Rawlings Select PRO Lite Marron Derecho,90.00,8
654838802259,Tacos de Beisbol,Tacos 36-4 Under Armour Leadoff Mid RM 3.0 BSBL Blanco/Azul,75.00,2
X0045GXJ1N,Bandas de Resistencia,Fortalecedor FitBeast Grip de Antebrazo Empuñaduras Kit,25.00,2
654838802263,Ganchos de Beisbol,Gancho 41.5-8 New Balance TUPELOK1 Negro,100.00,1
197609434128,Deportivos,Deportivos  38.5-7 Adidas Sleek W IH1295  Blanco,80.00,3
654838802265,Tacos de Beisbol,Tacos 35.5-3.5 Under Armour Leadoff Mid RM 3.0 BSBL Blanco/Rojo,75.00,2
X001U36RAT,Cadena,Cadena Rehoboth Necklace Cruz Plateada Ajustable,20.00,2
X002KP5VPN,Cadena,Cadena Rehoboth Necklace Cruz Negra,20.00,1
X0045VZ1VJ,Cadena,Collar Triple de Titanium  para Beisbol Azul Oscuro/Blanco/Rojo,8.00,24
X00383KO1R,Cadena,Collar Junkin Trenzas Titanium para Beisbol  3 Piezas,25.00,5
X003QNA17V,Bandas de Resistencia,Fortalecedor FitBeast Grip de Antebrazo Empuñaduras Kit Negro,25.00,8
X0045H6743,Bandas de Resistencia,Fortalecedor FitBeast Grip de Antebrazo Empuñaduras Kit Naranja/Gris,25.00,2
889961488870,Mono,Mono XXL C107L120 Mizuno Prospect Blanco Adulto,30.00,1
654838802267,Tacos de Beisbol,tacos 33.5-2 Nike Alpha Menace 4 Shark Azul,80.00,1
654838802269,Tacos de Beisbol,Tacos 38.5-6 Nike Nike Alpha Menace 4 Shark Rojo,80.00,1
654838802270,Tacos de Beisbol,Tacos 37.5-5 Nike Nike Alpha Menace 4 Shark Rojo,80.00,1
654838802271,Tacos de Beisbol,Tacos 36.5-4.5 Nike Nike Alpha Menace 4 Shark Rojo,80.00,1
196884008291,Guantines,Guantines YL Under Armour Clean UP Blanco/Morado Infantil,30.00,2
196884008604,Guantines,Guantines YM Under Armour Clean UP Blanco/Morado Infantil,30.00,2
196884008611,Guantines,Guantines YS Under Armour Clean UP Blanco/Morado Infantil,30.00,1
196884711351,Guantines,Guantines YS Under Armour Clean UP Negro Infantil,35.00,3
196884011673,Guantines,Guantines M Under Armour Clean Up Azul/Negro Adulto,35.00,3
196883986057,Guantines,Guantines L Under Armour UA Clean UP Rojo/Negro,35.00,6
196884010973,Guantines,Guantines M Under Armour Clean Up Naranja/Negro,30.00,4
654838802279,Sudaderas,Sudadera L Adidas Manga Larga Negro,25.00,1
654838802616,Tacos de Beisbol,Tacos 31-13k Under Armour Leadoff Mid RM 3.0 BSBL Gris,75.00,2
654838802283,Protector,Set de Protectores Pie y Codo Evoshield Pro SRZ Infantil Bandera de Venezuela Camuflaje 6,50.00,28
197609434111,Deportivos,Deportivos  38-6.5 Adidas Seek W IH1295  Blanco,80.00,2
654838802284,Protector,Set de Protectores Pie y Codo Evoshield Pro SRZ Cuero Infantil Negro,50.00,13
654838802285,Protector,Set de Protectores Pie y Codo Evoshield Pro SRZ Infantil Amarillo/Negro/Blanco Cuero,50.00,7
654838802286,Protector,Set de Protectores Pie y Codo Evoshield Pro SRZ Infantil Azul/Amarillo Cuero,50.00,6
654838802287,Protector,Set de Protectores Pie y Codo Evoshield Pro SRZ Infantil USA Cuero,50.00,24
654838802288,Protector,Set de Protectores Pie y Codo Evoshield Pro SRZ Adulto USA Cuero,50.00,7
654838802289,Protector,Set de Protectores Pie y Codo Evoshield Pro SRZ Adulto Azul/Amarillo Cuero,50.00,2
654838802290,Protector,Set de Protectores Pie y Codo Evoshield Pro SRZ Adulto Amarillo/Negro/Blanco Cuero,50.00,2
654838802291,Protector,Set de Protectores Pie y Codo Evoshield Pro SRZ Adulto Bandera de Venezuela Camuflaje 6,50.00,3
654838802292,Protector,Deslizador Evoshield Ambidieztro Amarillo/Negro Replica,60.00,15
654838802293,Protector,Deslizador Evoshield Ambidieztro USA Replica Infantil,60.00,37
654838802294,Protector,Deslizador Evoshield Ambidieztro Azul/Amarillo Replica Infantil,60.00,15
654838802295,Protector,Deslizador Evoshield Ambidieztro Venezuela 6 Replica Infantil,60.00,29
654838802297,Protector,"Combo Set de Protectores Pie, Codo y Deslizador Evoshield Pro SRZ Infantil Azul/Amarillo Cuero",80.00,5
654838802298,Protector,"Combo Set de Protectores Pie, Codo y Deslizador Evoshield Pro SRZ Infantil USA Cuero",80.00,5
654838802299,Protector,"Combo Set de Protectores Pie, Codo y Deslizador Evoshield Pro SRZ Infantil Bandera de Venezuela Camuflaje 6",80.00,5
194818418093,Deportivos,Deportivos 33.5-2 Adidas RACER  TR21K Negro,80.00,2
197609434203,Deportivos,Deportivos  40-8 Adidas Sleek W IH1295  Blanco,80.00,3
197609434180,Deportivos,Deportivos  40.5-8.5 Adidas Sleek W IH1295  Blanco,80.00,3
194820564238,Deportivos,Deportivos 40-7 Adidas Advantage Blanco/Verde,80.00,1
194820564283,Deportivos,Deportivos 40.5-7.5 Adidas Advantage Blanco/Verde,80.00,1
194820564313,Deportivos,Deportivos 41.5-8 Adidas Advantage Blanco/Verde,80.00,1
194820564252,Deportivos,Deportivos 42-8.5 Adidas Advantage Blanco/Verde,80.00,1
194820564337,Deportivos,Deportivos 44-10 Adidas Advantage Blanco/Verde,80.00,1
194820564245,Deportivos,Deportivos 44.5-10.5 Adidas Advantage Blanco/Verde,80.00,1
196465788758,Deportivos,Deportivos 38-6.5 Adidas Duramo Sl  W Wide Negro,80.00,2
196465788635,Deportivos,Deportivos 38.5-7 Adidas Duramo Sl  W Wide Negro,80.00,1
196465788789,Deportivos,Deportivos 39.5-7.5 Adidas Duramo Sl W Wide Negro,80.00,1
196465788840,Deportivos,Deportivos 40.5-8.5 Adidas Duramo Sl W Wide Negro,80.00,1
195747138595,Deportivos,Deportivos 40.5-7.5 Adidas Ultrabounce Negros,80.00,1
196469367157,Deportivos,Deportivos 39.5-7.5 Adidas Training Everyset Negro Mujer,80.00,1
196469367218,Deportivos,Deportivos 40.5-8.5 Adidas Training Everyset Negro Mujer,80.00,1
196465756085,Deportivos,Deportivos 42-8.5 Adidas Racer TR23 Azul Ozcuro,80.00,1
196478184882,Chanclas,Chancla 39-6 Adidas Adilette Agua Azul/Blanco,25.00,1
196478184820,Chanclas,Chancla 40.5-7 Adidas Adilette Agua Azul/Blanco,25.00,1
196478184806,Chanclas,Chancla 42-8 Adidas Adilette Agua Azul/Blanco,25.00,1
196478184868,Chanclas,Chancla 43-9 Adidas Adilette Agua Azul/Blanco,25.00,1
196478184837,Chanclas,Chancla 44.5-10 Adidas Adilette Agua Azul/Blanco,25.00,1
654838802341,Tacos de Beisbol,Tacos 33.5-2 Rawlings Clubhouse 2 Negros,25.00,5
654838802342,Tacos de Beisbol,Tacos 35-3 Rawlings Rawlings Clubhouse 2 Negros,25.00,3
654838802343,Tacos de Beisbol,Tacos 36-4 Rawlings Rawlings Clubhouse 2 Negros,25.00,1
654838802344,Tacos de Beisbol,Tacos 37.5-5 Rawlings Clubhouse 2 Negros,25.00,3
654838802345,Tacos de Beisbol,Tacos 30-13k Rawlings Clubhouse 2 Negros,25.00,3
654838802346,Tacos de Beisbol,Tacos 43-9.5 Under Armour Leadoff Mid RM 3.0 BSBL Negro,75.00,1
654838802347,Tacos de Beisbol,Tacos 40.5-7.5 Under Armour Leadoff Mid RM 3.0 BSBL Negro,75.00,2
654838802348,Tacos de Beisbol,Tacos 40-7 Under Armour Leadoff Mid RM 3.0 BSBL Negro,75.00,6
654838802350,Tacos de Beisbol,Tacos 33.5-2 Under Armour Leadoff Mid RM 3.0 BSBL Blanco/Rojo,75.00,4
654838802351,Tacos de Beisbol,Tacos 33.5-2 Under Armour Leadoff Mid RM 3.0 BSBL Blanco/Azul,75.00,6
654838802352,Tacos de Beisbol,Tacos 35-3 Under Armour Leadoff Mid RM 3.0 BSBL Gris,75.00,6
654838802353,Otros,Pomo Champkey Negro (2 Pomos),1.00,8
654838802354,Catchers,Set de Catcher 9-12 All-Star Avanced Azul/Gris,360.00,1
840058785135,Bates,Bate 31-28-2 5/8 Marucci F5 Verde -3 BBCOR Nuevo,240.00,2
654838802356,Bates,Bate 28-16-2 1/4 Easton Moxie USA -12 Nuevo,120.00,10
654838802358,Bates,Bate 32-29-2 5/8 Easton Black Magic BBCOR -3 Nuevo,220.00,6
083321851797,Bates,Bate 31-21 Rawlings Peak USA -10 Nuevo,180.00,3
083321805066,Bates,Bate 32-29 Rawlings Quatro Max BBCOR -3 Nuevo,1.00,2
628412178560,Bates,Bate 32-29-2 5/8 Easton S650 BBCOR -3 Nuevo,150.00,1
628412402023,Bates,Bate 32-29-2 5/8 Easton Encore Hy2Rid BBCOR -3 Nuevo,1.00,1
887768925413,Bates,Bate 33-30-2 5/8 Demarini Gattaca BBCOR -3 Nuevo,1.00,1
654838802363,Bates,Bate 31-20-2 5/8 Easton Alpha 360 -11 Usado,100.00,3
654838802369,Bates,Bate 31-28-2 5/8 Mizuno Nighthawk Hybrid BBCOR -3 USADO,1.00,1
025725505005,Pintura,Pintura Ojos Franklin Rojo,15.00,5
025725504985,Pintura,Pintura Ojos Franklin Azul,15.00,5
025725596928,Guantines,Guantines YS Franklin Digitek Amarillo,30.00,1
0257255986881,Guantines,Guantines S Franklin Digitek Amarillo Adulto,30.00,2
025725596898,Guantines,Guantines M Franklin Digitek Amarillo Adulto,30.00,2
025725596911,Guantines,Guantines XL Franklin Digitek Amarillo Adulto,30.00,2
6284124111827,Guantines,Guantines YS Easton Mav GT Azul/Rojo/Blanco USA Infantil,30.00,1
628412398333,Bates,Bate 31-26-2 5/8 Easton ALX -5 USSSA Nuevo Rojo/Negro,220.00,3
654838802524,Rolling Shoes,Rolling Shoes 45-11 New Balance FuelCell 4040 V7 Azul/Blanco,110.00,1
197609434081,Deportivos,Deportivos  39.5-7.5 Adidas Sleek W IH1295  Blanco,80.00,3
X003UXB0YZ,Cadena,Collar tripe Titanium para Beisbol Azul Claro/Blanco/Rojo,8.00,23
654838802385,Catchers,Set de Catcher 09-12 Rawlings Renegade Rojo,360.00,5
X004ANS2K9,Pelotas,Pelota de Arena Zelus 2.8in 16 onz Rojo (12 Pelotas),92.00,5
649862901195,Sudaderas,Sudadera con capucha 2X Wire2Wire Hoodie Azul claro Adulto,25.00,1
152044422279,Mono,Mono YXL C79L72 Champro BP68 Corto Blanco Infantil,25.00,1
194818498972,Deportivos,Deportivos 40.5-8.5 Adidas RACER TR21 Blanco/Gris,80.00,1
194819581260,Deportivos,Deportivos 40.5-7 Adidas Cloudfoam Pure 2.0 Negro,80.00,1
197609442178,Deportivos,Deportivos  38.5-7 Adidas Sleek W IH1299  Rosado,80.00,1
197609442130,Deportivos,Deportivos  40-8 Adidas Sleek W IH1299  Rosado,80.00,1
654838802392,Tacos de Beisbol,Tacos 34-2.5 Under Armour Harper 9 RM JR USA Azul/Rojo,80.00,1
654838802394,Tacos de Beisbol,Tacos 36-4 Under Armour Leadoff Mid RM 3.0 BSBL Blanco/Azul (Corte Bajo),70.00,2
654838802395,Tacos de Beisbol,Tacos 36-4 Under Armour Leadoff Mid RM 3.0 BSBL Blanco/Rojo,70.00,1
654838802396,Tacos de Beisbol,Tacos 35-4 Under Armour Leadoff Mid RM 3.0 BSBL Negro (Corte Bajo),70.00,1
654838802398,Ganchos de Beisbol,Gancho 42.5-9 Nike Alpha Huarache Elite 4 Low Blanco/Azul,140.00,1
196467209572,Ganchos de Beisbol,Gancho 44-10 Adidas  Adizero Afterburner 9 Azul,110.00,1
196467190320,Ganchos de Beisbol,Gancho 43.5-9.5 Adidas  Adizero Afterburner 9 Negro,110.00,1
195251703500,Batera,Batera Under Armour USA Flag Print NWT,80.00,1
198308006296,Guantes,Mascotin 11.5 Rawlings Select PRO Lite Gris/Azul,110.00,2
097512735261,Guantes,Guante 11.5 Wilson A2000 Tim Anderson TA7 GM Gris/Rojo,350.00,2
083321709005,Sudaderas,Suete XL Rawlings Baseball Azul/Gris con Capucha,1.00,1
083321709012,Sudaderas,Suete S Rawlings Baseball Rojo/Gris con Capucha,1.00,1
654838802399,Tacos de Beisbol,Tacos 38-5.5 New Balance PL3000K6 Negro,100.00,1
654838802400,Tacos de Beisbol,Tacos 45.5-11.5 New Balance PL3000N6 Azul oscuro/Blanco,100.00,2
654838802401,Tacos de Beisbol,Tacos 38.5-6 Under Armour Harper 9 RM JR USA Azul/Rojo,80.00,6
654838802402,Tacos de Beisbol,Tacos 38-5.5 Under Armour Harper 9 RM JR USA Azul/Rojo,80.00,7
654838802403,Tacos de Beisbol,Tacos 37.5-5 Under Armour Harper 9 RM JR USA Azul/Rojo,80.00,4
654838802404,Tacos de Beisbol,Tacos 36.5-4.5 Under Armour Harper 9 RM JR USA Azul/Rojo,80.00,3
654838802406,Tacos de Beisbol,Tacos 35.5-3.5 Under Armour Harper 9 RM JR USA Azul/Rojo,80.00,4
654838802407,Tacos de Beisbol,Tacos 33.5-2 Under Armour Harper 9 RM JR USA Azul/Rojo,80.00,2
654838802408,Tacos de Beisbol,Tacos 35-3 Under Armour Harper 9 RM JR USA Azul/Rojo,80.00,2
654838802409,Tacos de Beisbol,Tacos 33-1.5 Under Armour Harper 9 RM JR USA Azul/Rojo,80.00,1
654838802410,Tacos de Beisbol,Tacos 32-1 Under Armour Harper 9 RM JR USA Azul/Rojo,80.00,2
654838802413,Tacos de Beisbol,Tacos 37.5-5 Nike Alpha Huarache 4 Keystone Big Kids Rojo/Naranja,70.00,1
654838802414,Tacos de Beisbol,Tacos 36.5-4.5 Nike Alpha Huarache 4 Keystone Big Kids Rojo/Naranja,70.00,1
654838802422,Tacos de Beisbol,Tacos 36.5-4.5 Nike Force Trout 9 Elite MCS Blanco/Azul,90.00,1
654838802424,Tacos de Beisbol,Tacos 34-2.5 Nike Force Trout 9 Elite MCS Blanco/Azul,90.00,1
654838802425,Ganchos de Beisbol,Gancho 42-8.5 Nike Alpha Huarache Elite 4 Low Blanco/Azul,140.00,1
654838802429,Tacos de Beisbol,Tacos 38-5.5 Under Armour Leadoff Mid RM 3.0 BSBL Blanco/Rojo (Corte Bajo),70.00,2
654838802430,Tacos de Beisbol,Tacos 37.5-5 Under Armour Leadoff Mid RM 3.0 BSBL Blanco/Rojo (Corte Bajo),70.00,2
654838802431,Tacos de Beisbol,Tacos 35-3 Under Armour Leadoff Mid RM 3.0 BSBL Blanco/Rojo (Corte Bajo),70.00,2
654838802432,Tacos de Beisbol,Tacos 34-2.5 Under Armour Leadoff Mid RM 3.0 BSBL Blanco/Rojo (Corte Bajo),70.00,1
654838802433,Tacos de Beisbol,Tacos 32-1 Under Armour Leadoff Mid RM 3.0 BSBL Blanco/Rojo (Corte Bajo),70.00,2
654838802434,Tacos de Beisbol,Tacos 36.5-4.5 Under Armour Leadoff Mid RM 3.0 BSBL Blanco/Rojo (Corte Bajo),70.00,1
654838802435,Tacos de Beisbol,Tacos 31-13k Under Armour Leadoff Mid RM 3.0 BSBL Blanco/Rojo (Corte Bajo),70.00,1
654838802436,Tacos de Beisbol,Tacos 36-4 Under Armour Leadoff Mid RM 3.0 BSBL Blanco/Rojo (Corte Bajo),70.00,1
654838802437,Tacos de Beisbol,Tacos 35.5-3.5 Under Armour Leadoff Mid RM 3.0 BSBL Blanco/Rojo (Corte Bajo),70.00,1
654838802438,Tacos de Beisbol,Tacos 33-1.5 Under Armour Leadoff Mid RM 3.0 BSBL Blanco/Rojo (Corte Bajo),70.00,2
654838802440,Tacos de Beisbol,Tacos 38.5-6 Under Armour Leadoff Mid RM 3.0 BSBL Gris (Corte Bajo),70.00,1
654838802441,Tacos de Beisbol,Tacos 38-5.5 Under Armour Leadoff Mid RM 3.0 BSBL Gris (Corte Bajo),70.00,1
654838802442,Tacos de Beisbol,Tacos 37.5-5 Under Armour Leadoff Mid RM 3.0 BSBL Gris (Corte Bajo),70.00,1
654838802443,Tacos de Beisbol,Tacos 36.5-4.5 Under Armour Leadoff Mid RM 3.0 BSBL Gris (Corte Bajo),70.00,1
654838802445,Tacos de Beisbol,Tacos 35.5-3.5 Under Armour Leadoff Mid RM 3.0 BSBL Gris (Corte Bajo),70.00,1
654838802446,Tacos de Beisbol,Tacos 35-3 Under Armour Leadoff Mid RM 3.0 BSBL Gris (Corte Bajo),70.00,2
654838802448,Tacos de Beisbol,Tacos 33.5-2 Under Armour Leadoff Mid RM 3.0 BSBL Gris (Corte Bajo),70.00,1
654838802450,Tacos de Beisbol,Tacos 33-1.5 Under Armour Leadoff Mid RM 3.0 BSBL Gris (Corte Bajo),70.00,1
654838802452,Tacos de Beisbol,Tacos 37.5-5 Under Armour Leadoff Mid RM 3.0 BSBL Blanco/Azul (Corte Bajo),70.00,2
654838802453,Tacos de Beisbol,Tacos 38.5-6 Under Armour Leadoff Mid RM 3.0 BSBL Blanco/Azul (Corte Bajo),70.00,1
654838802454,Tacos de Beisbol,Tacos 38-5.5 Under Armour Leadoff Mid RM 3.0 BSBL Blanco/Azul (Corte Bajo),70.00,2
654838802455,Tacos de Beisbol,Tacos 35.5-3.5 Under Armour Leadoff Mid RM 3.0 BSBL Blanco/Azul (Corte Bajo),70.00,1
654838802456,Tacos de Beisbol,Tacos 35-3 Under Armour Leadoff Mid RM 3.0 BSBL Blanco/Azul (Corte Bajo),70.00,2
654838802458,Tacos de Beisbol,Tacos 31-13k Under Armour Leadoff Mid RM 3.0 BSBL Blanco/Azul (Corte Bajo),70.00,2
654838802460,Tacos de Beisbol,Tacos 33-1.5 Under Armour Leadoff Mid RM 3.0 BSBL Blanco/Azul (Corte Bajo),70.00,1
654838802461,Tacos de Beisbol,Tacos 44.5-10.5 Under Armour Leadoff Mid RM 3.0 BSBL Blanco/Azul,75.00,1
654838802462,Tacos de Beisbol,Tacos 44-10 Under Armour Leadoff Mid RM 3.0 BSBL Blanco/Azul,75.00,1
654838802465,Tacos de Beisbol,Tacos 31-13k Under Armour Leadoff Mid RM 3.0 BSBL Blanco/Azul,75.00,4
654838802466,Tacos de Beisbol,Tacos 44.5-10.5 Under Armour Leadoff Mid RM 3.0 BSBL Gris,75.00,1
654838802468,Tacos de Beisbol,Tacos 43-9.5 Under Armour Leadoff Mid RM 3.0 BSBL Gris,75.00,1
654838802474,Tacos de Beisbol,Tacos 44-10 Under Armour Leadoff Mid RM 3.0 BSBL Blanco/Rojo,75.00,4
654838802475,Tacos de Beisbol,Tacos 43-8.5 Under Armour Leadoff Mid RM 3.0 BSBL Blanco/Rojo,75.00,1
654838802476,Tacos de Beisbol,Tacos 42.5-9 Under Armour Leadoff Mid RM 3.0 BSBL Blanco/Rojo,75.00,2
654838802477,Tacos de Beisbol,Tacos 42-8.5 Under Armour Leadoff Mid RM 3.0 BSBL Blanco/Rojo,75.00,2
654838802480,Tacos de Beisbol,Tacos 31-13k Under Armour Leadoff Mid RM 3.0 BSBL Blanco/Rojo,75.00,1
654838802483,Tacos de Beisbol,Tacos 44.5-10.5 Under Armour Leadoff Mid RM 3.0 BSBL Negro,75.00,1
654838802488,Tacos de Beisbol,Tacos 34-2.5 Under Armour Leadoff Mid RM 3.0 BSBL Negro,75.00,2
654838802489,Tacos de Beisbol,Tacos 38-5.5 Under Armour Leadoff Mid RM 3.0 BSBL Negro (Corte Bajo),70.00,2
654838802490,Tacos de Beisbol,Tacos 37.5-5 Under Armour Leadoff Mid RM 3.0 BSBL Negro (Corte Bajo),70.00,6
654838802491,Tacos de Beisbol,Tacos 35.5-3 Under Armour Leadoff Mid RM 3.0 BSBL Negro (Corte Bajo),70.00,3
654838802492,Tacos de Beisbol,Tacos 36.5-4.5 Under Armour Leadoff Mid RM 3.0 BSBL Negro (Corte Bajo),70.00,1
654838802493,Tacos de Beisbol,Tacos 35.5-3.5 Under Armour Leadoff Mid RM 3.0 BSBL Negro (Corte Bajo),70.00,4
654838802494,Tacos de Beisbol,Tacos 34-2.5 Under Armour Leadoff Mid RM 3.0 BSBL Negro (Corte Bajo),70.00,1
654838802495,Tacos de Beisbol,Tacos 33.5-2 Under Armour Leadoff Mid RM 3.0 BSBL Negro (Corte Bajo),70.00,3
654838802496,Tacos de Beisbol,Tacos 32-1 Under Armour Leadoff Mid RM 3.0 BSBL Negro (Corte Bajo),70.00,1
654838802497,Tacos de Beisbol,Tacos 31-13k Under Armour Leadoff Mid RM 3.0 BSBL Negro (Corte Bajo),70.00,2
654838802498,Tacos de Beisbol,Tacos 33-1.5 Under Armour Leadoff Mid RM 3.0 BSBL Negro (Corte Bajo),70.00,1
196467190405,Ganchos de Beisbol,Gancho 44.5-10 Adidas  Adizero Afterburner 9 Negro,110.00,1
196467186668,Ganchos de Beisbol,Gancho 44-9.5 Adidas  Adizero Afterburner 9 Negro,110.00,1
196467190399,Ganchos de Beisbol,Gancho 42-8 Adidas  Adizero Afterburner 9 Negro,110.00,2
097512864480,Guantes,Guante 11.5 Wilson A500 Zurdo Being/Azul,130.00,1
654838802537,Pelotas,Pelota 8.5in 4.5oz Goat 1050 (12 Pelota),63.00,43
097512864497,Guantes,Guante 11.5 Wilson A500 Derecho Being/Azul,130.00,4
654838802588,Bates,Bate 30-20-2 5/8 Easton Speed Rojo USA -10 Nuevo,200.00,2
198308006357,Guantes,Guante 9.5 Rawlings Sure Catch T-Ball  Beibe/Rojo Derecho,65.00,4
654838802504,Tacos de Beisbol,Tacos 44.5-10.5 Under Armour Yard Low MT TPU Negro,110.00,1
654838802508,Tacos de Beisbol,Tacos 41-8 Under Armour Yard Low MT TPU Negro,110.00,1
654838802510,Tacos de Beisbol,Tacos 44.5-10.5 Nike Alpha Huarache Elite 4 Low MCS Blanco/Negro,120.00,1
654838802511,Tacos de Beisbol,Tacos 44-10 Nike Alpha Huarache Elite 4 Low MCS Blanco/Negro,120.00,1
654838802512,Tacos de Beisbol,Tacos 42.5-9 Nike Alpha Huarache Elite 4 Low MCS Blanco/Negro,120.00,1
654838802516,Ganchos de Beisbol,Gancho 41-8 Nike Alpha Huarache NXT Negro,140.00,1
654838802517,Ganchos de Beisbol,Gancho 42-8.5 Nike Alpha Huarache NXT Negro,140.00,1
083321851872,Bates,Bate 30-20-2 5/8 Rawlings Machine USA -10 Nuevo,1.00,4
654838802520,Bates,Bate 30-20-2 5/8 Bonesaber Warstic USSSA -10 Nuevo,330.00,8
654838802526,Rolling Shoes,Rolling Shoes 44-10 New Balance FuelCell 4040 V7 Azul/Blanco,110.00,1
654838802527,Rolling Shoes,Rolling Shoes 43-9.5 New Balance FuelCell 4040 V7 Azul/Blanco,110.00,2
654838802528,Rolling Shoes,Rolling Shoes 40-7 New Balance FuelCell 4040 V7 Azul/Blanco,110.00,5
654838802529,Rolling Shoes,Rolling Shoes 39-6.5 New Balance FuelCell 4040 V7 Azul/Blanco,110.00,3
654838802530,Rolling Shoes,Rolling Shoes 33.5-2 New Balance FuelCell 4040 V7 Azul/Blanco,110.00,2
628412428436,Bates,Bate 31-21-2 5/8 Easton Speed Rojo USA -10 Nuevo,200.00,5
628412402856,Bates,Bate 27-15-2 1/4 Easton Moxie USA -12 Nuevo,120.00,5
654838802586,Bates,Bate 32-27-2 5/8 Marucci CAT7 USSSA -5 Nuevo,130.00,28
654838802538,Pelotas,Pelota 8.5in 4.5oz Goat 1050  (1 Pelota),6.00,21
083321621833,Sudaderas,Suete S Rawlings Polar Dugout Rojo/Gris,25.00,5
654838802540,Tacos de Beisbol,Tacos 40-7 New Balance  J4040TBS Azul,100.00,3
654838802541,Tacos de Beisbol,Tacos 38.5-6 New Balance  J4040TBS Azul,100.00,2
654838802542,Tacos de Beisbol,Tacos 37.5-5 New Balance  J4040TBS Azul,100.00,2
654838802543,Tacos de Beisbol,Tacos 37.5-5 New Balance  J4040TR7 Rojo,100.00,2
654838802544,Tacos de Beisbol,Tacos 32.5-1 New Balance  J4040TR7 Rojo,100.00,2
083321704192,Bates,Bate 31-23-2 5/8 Rawlings Velo ACP USSSA -8 Nuevo,200.00,2
654838802546,Bates,Bate 31-21-2 5/8 Demarini Vexxum C6IX USSSA -10 USADO,1.00,1
628412398326,Bates,Bate 30-25-2 5/8 Easton ALX -5 BBCOR Nuevo Rojo/Negro,200.00,4
654838802549,Ganchos de Beisbol,Gancho 41.5-8 New Balance L3000TN6 Azul/Blanco,100.00,1
654838802550,Ganchos de Beisbol,Gancho 40.5-7.5 New Balance L3000TN6 Azul/Blanco,100.00,1
654838802552,Ganchos de Beisbol,Gancho 40-7 New Balance L3000TN6 Azul/Blanco,100.00,1
654838802553,Ganchos de Beisbol,Gancho 39.5-6.5 New Balance L3000TN6 Azul/Blanco,100.00,1
654838802557,Ganchos de Beisbol,Gancho 42-8.5 New Balance L3000BK6 Negro,100.00,1
654838802558,Ganchos de Beisbol,Gancho 41.5-8 New Balance L3000BK6 Negro,100.00,2
654838802559,Ganchos de Beisbol,Gancho 40.5-7.5 New Balance L3000BK6 Negro,100.00,1
654838802560,Ganchos de Beisbol,Gancho 40-7 New Balance L3000BK6 Negro,100.00,1
654838802561,Ganchos de Beisbol,Gancho 39.5-6.5 New Balance L3000BK6 Negro,100.00,1
654838802562,Ganchos de Beisbol,Gancho 40-7 New Balance L3000BC6 Rojo,100.00,1
654838802563,Ganchos de Beisbol,Gancho 39.5-6.5 New Balance L3000BC6 Rojo,100.00,1
196461675700,Ganchos de Beisbol,Gancho 45.5-10.5 Adidas Icon 8 Mid Negro/Blnco,110.00,1
196461671993,Ganchos de Beisbol,Gancho 42-8.5 Adidas Icon 8 Mid Negro/Blnco,110.00,1
654838802565,Ganchos de Beisbol,Gancho 40.5-7.5 New Balanca L4040PH6 Camuflajeado,100.00,1
654838802566,Tacos de Beisbol,Tacos 38-5.5 RIP-IT Blanco/Azul/Rojo,15.00,1
654838802567,Tacos de Beisbol,Tacos 38.5-6 RIP-IT Blanco/Azul/Rojo,15.00,1
654838802568,Tacos de Beisbol,Tacos 38-5.5 Rip-It Ringor Negro,15.00,2
654838802569,Tacos de Beisbol,Tacos 37-5 Rip-It Ringor Negro,15.00,2
654838802570,Tacos de Beisbol,Tacos 36-4.5 Rip-It Ringor Negro,15.00,1
654838802571,Tacos de Beisbol,Tacos 38.5-6 Rip-It Ringor Negro,15.00,2
654838802572,Tacos de Beisbol,Tacos 34-3 Rip-It Ringor Negro,15.00,4
654838802574,Rolling Shoes,Rolling Shoes 40.5-7.5 New Balance FuelCell 4040 V7 Azul/Blanco,110.00,1
654838802575,Rolling Shoes,Rolling Shoes 41.5-8 New Balance FuelCell 4040 V7 Azul/Blanco,110.00,1
654838802576,Rolling Shoes,Rolling Shoes 42.5-9 New Balance FuelCell 4040 V7 Azul/Blanco,110.00,1
654838802577,Rolling Shoes,Rolling Shoes 42-8.5 New Balance FuelCell 4040 V7 Azul/Blanco,110.00,1
654838802579,Rolling Shoes,Rolling Shoes 38.5-6 New Balance FuelCell 4040 V7 Azul/Blanco,110.00,1
654838802580,Rolling Shoes,Rolling Shoes 39.5-6.5 New Balance FuelCell 4040 V7 Azul/Blanco,110.00,1
654838802581,Rolling Shoes,Rolling Shoes 31-13k New Balance FuelCell 4040 V7 Azul/Blanco,110.00,1
654838802582,Rolling Shoes,Rolling Shoes 32.5-1 New Balance FuelCell 4040 V7 Azul/Blanco,110.00,1
654838802583,Rolling Shoes,Rolling Shoes 33-1 New Balance FuelCell 4040 V7 Azul/Blanco,110.00,1
196467136854,Tacos de Beisbol,Tacos 36.5-4.5 Adidas PureHustle 3 MD K Negro,1.00,3
193150208829,Mono,Mono XL C101L110 Nike BQ6345-100 Blanco Adulto,40.00,7
083321411489,Mono,Mono Y2XL C78L110 Rawlings Blanco,30.00,4
083321411762,Mono,Mono YS C60L60 Rawlings Gris,25.00,2
083321411779,Mono,Mono YM C64L57 Rawlings Gris,25.00,2
083321411410,Mono,Mono 2XL C112L120 Rawlings Gris Adulto,30.00,2
654838802584,Medias,Medias YL Champro Negro Infantil,8.00,10
083321765506,Short,Short 2XL Raelings Rojo,1.00,1
654838802587,Cadena,Pulceras para Beisbol,5.00,8
654838802585,Tacos de Beisbol,Tacos 44-10 Nike Force Trout 9 Pro MCS Negro/Blanco,110.00,1
654838802590,Ganchos de Beisbol,Gancho 44.5-10.5 Nike Force Zoom Trout 9 Pro Blanco/Azul Marino,120.00,2
654838802591,Ganchos de Beisbol,Gancho 44-10 Nike Force Zoom Trout 9 Pro Blanco/Azul Marino,120.00,3
654838802593,Ganchos de Beisbol,Gancho 42.5-9 Nike Force Zoom Trout 9 Pro Blanco/Azul Marino,120.00,2
654838802594,Ganchos de Beisbol,Gancho 42-8.5 Nike Force Zoom Trout 9 Pro Blanco/Azul Marino,120.00,5
097512721776,Guantes,Guante 11.75 WILSON A1000 Infield Negro/Gris Derecho,180.00,1
654838802595,Bates,Bate 31-23-2 3/4 Easton Alpha ALX -8 USSSA Nuevo,220.00,3
654838802596,Bates,Bate de Entrenamiento 18 Pinnacle BamBooBat Negro/Rojo,70.00,1
654838802597,Bates,Bate de Entrenamiento 18 Pinnacle BamBooBat Naranja/Amarillo,70.00,1
654838802598,Bates,Bate de Entrenamiento 21 Pinnacle BamBooBat Amarillo/Negro,70.00,1
654838802599,Bates,Bate de Entrenamiento 21 Pinnacle BamBooBat Azul/Blanco,70.00,1
654838802602,Bates,Bate 33 KR3 Pro Ultra M110 Negro,160.00,2
814656018483,Bates,Bate 33-30  Pinnacle Hybrid 243 BBCOR -3 Maple Azul/Blanco,160.00,3
814656018346,Bates,Bate 30 BBB 271 Bamboo Madera/Negro,120.00,4
814656018353,Bates,Bate 31 BBB 271 Bamboo Madera/Negro,120.00,2
654838802607,Ganchos de Beisbol,Gancho 45.5-11.5 Nike Force Zoom Trout 9 Pro Blanco/Azul Marino,120.00,2
198308890475,Guantes,Guante 11.5 Rawlings Exclusive Select  Negro/Azul Derecho,110.00,3
1931500208768,Mono,Mono XL C91L112 Nike Vapor Select  Gris,40.00,3
193150208775,Mono,Mono XXL C96L111 Nike Vapor Select Gris,40.00,3
193150208836,Mono,Mono XXL C103L114 Nike Vapor Select Blanco,40.00,3
654838802604,Bates,Bate 32-27-2 5/8 Warstic Bonesaber USSSA -5 Nuevo,330.00,3
654838802606,Bates,Bate 31-26-2 5/8 Rawlings Velo ACP USSSA -5 Nuevo,190.00,1
654838802608,Ganchos de Beisbol,Gancho 41-8 Nike Force Zoom Trout 9 Pro Blanco/Azul Marino,120.00,2
029343065330,Casco,Casco 6 7/8-7 7/8 All Star Coach SC500 Blanco,50.00,1
654838802610,Catchers,Careta Catchers 6 1/4-7 All-Star MVP2310-2 Azul,110.00,1
654838802611,Bates,Bate 30-19-2 5/8 Easton  Alpha 360 -11  USA Usado,100.00,1
654838802613,Bates,Bate 32-29-2 5/8 Warstic Bonesaber BBCOR -3 USADO,1.00,1
628412267738,Bates,Bate 30-25-2 5/8 Easton Aplha 360 USSSA -5 Nuevo,0.00,1
198308007767,Bates,Bate 30-17-2 1/4 Rawlings HAae  USA -13 Softball Nuevo,1.00,1
087538133622,Ñameador,Ñameador Infantil Prohitter Negro,15.00,3
087538133592,Ñameador,Ñameador Infantil Prohitter Azul,15.00,1
654838802617,Ganchos de Beisbol,Gancho 45-11 Under Armour Yard Low MT Blanco,0.00,1
